directory,eval_window,predicted_count,actual_count,n_past_devs,delta
openstack_auth,0-3,1.6687878221273422,5,5,-3.3312121778726578
nova/policies,0-3,2.1000356376171108,16,6,-13.899964362382889
swift,0-3,0.2906849682331085,1,2,-0.7093150317668915
glance/cmd,0-3,1.167304515838623,6,6,-4.832695484161377
neutron/db,0-3,9.752986200153828,17,26,-7.247013799846172
horizon/test,0-3,0.0,4,0,-4.0
openstack_dashboard/usage,0-3,0.0,4,0,-4.0
test/cors,0-3,0.544719949364662,0,3,0.544719949364662
octavia/common,0-3,6.111545227468013,6,25,0.11154522746801288
neutron/conf,0-3,7.866111665964126,34,22,-26.133888334035873
specs/version0.5,0-3,1.279895797371864,1,6,0.2798957973718641
openstack_dashboard/templates,0-3,0.0,5,0,-5.0
octavia,0-3,0.1941159069538116,0,1,0.1941159069538116
neutron/privileged,0-3,5.43461413681507,9,16,-3.56538586318493
nova/conductor,0-3,5.381119862198829,16,18,-10.61888013780117
api-guide/source,0-3,2.978797875344753,18,11,-15.021202124655247
openstack_dashboard/static,0-3,2.856724172830581,7,10,-4.143275827169418
nova/console,0-3,2.824584454298019,10,9,-7.175415545701981
roles/fetch_journal_log,0-3,0.3555704355239868,0,2,0.3555704355239868
cinder/policies,0-3,0.0,24,0,-24.0
test/functional,0-3,1.9835989251732824,11,7,-9.016401074826717
glance/tests,0-3,4.474546901881695,16,14,-11.525453098118305
zuul.d,0-3,17.093527987599373,29,38,-11.906472012400627
horizon/templates,0-3,0.6967661827802658,5,3,-4.303233817219734
keystone/tests,0-3,6.8787813261151305,11,27,-4.1212186738848695
doc/source,0-3,52.78168473392724,132,152,-79.21831526607275
cinder/tests,0-3,34.81711480766535,89,101,-54.18288519233465
nova/storage,0-3,0.0,16,0,-16.0
swift/common,0-3,5.029608391225338,15,14,-9.970391608774662
playbooks/ci-workarounds,0-3,0.6065710633993149,0,3,0.6065710633993149
devstack/upgrade,0-3,2.077604427933693,7,9,-4.922395572066307
heat/scaling,0-3,0.0,2,0,-2.0
nova/privsep,0-3,0.5127032697200775,19,2,-18.487296730279922
playbooks,0-3,3.658589512109756,3,12,0.658589512109756
glance/common,0-3,2.233650118112564,14,7,-11.766349881887436
glance/db,0-3,1.5606989264488218,0,5,1.5606989264488218
neutron/pecan_wsgi,0-3,2.450319528579712,0,8,2.450319528579712
playbooks/metal3-ci,0-3,1.2207221537828443,4,4,-2.7792778462171555
octavia/compute,0-3,0.0,3,0,-3.0
nova/api,0-3,7.455438382923603,27,19,-19.544561617076397
docker/install_scripts,0-3,0.1190495193004608,0,1,0.1190495193004608
ironic/objects,0-3,3.219987742602825,8,10,-4.780012257397175
glance/image_cache,0-3,0.2783663868904114,2,1,-1.7216336131095886
nova/scheduler,0-3,5.437196761369705,24,16,-18.562803238630295
roles/setup-selenium-tests,0-3,1.3422341793775556,0,6,1.3422341793775556
octavia/network,0-3,2.769108533859253,3,8,-0.23089146614074707
devstack/lib,0-3,8.1272501796484,7,26,1.1272501796483994
test/probe,0-3,2.792681783437729,8,7,-5.207318216562271
keystone/oauth1,0-3,0.0,4,0,-4.0
neutron/server,0-3,0.0,4,0,-4.0
openstack_dashboard/dashboards,0-3,6.47779169678688,9,19,-2.5222083032131204
keystone/revoke,0-3,0.6701114028692244,0,4,0.6701114028692244
devstack/files,0-3,1.3677363097667692,1,6,0.3677363097667692
glance,0-3,1.5226423144340515,1,5,0.5226423144340515
nova/hacking,0-3,1.2611410915851593,0,5,1.2611410915851593
heat_integrationtests/functional,0-3,0.8666592091321944,0,4,0.8666592091321944
heat/cmd,0-3,0.0,4,0,-4.0
roles/run-heat-tests,0-3,0.0,5,0,-5.0
tools/ovn_migration,0-3,3.2363599836826324,10,8,-6.7636400163173676
neutron/exceptions,0-3,0.0,7,0,-7.0
openstack_dashboard/test,0-3,5.419818207621574,6,18,-0.5801817923784256
cinder/image,0-3,8.89074832201004,35,28,-26.10925167798996
roles/setup-disk-encryption-policy,0-3,0.6402059197425841,0,3,0.6402059197425841
openstack_dashboard,0-3,2.6917526274919505,5,9,-2.3082473725080495
nova/tools,0-3,0.0,1,0,-1.0
heat_integrationtests,0-3,0.0,3,0,-3.0
octavia/api,0-3,5.906147964298724,5,23,0.9061479642987242
octavia/certificates,0-3,3.1299000456929202,0,12,3.1299000456929202
cinder/privsep,0-3,3.274188265204429,12,15,-8.72581173479557
tools/config,0-3,3.6408252045512195,0,17,3.6408252045512195
test/s3api,0-3,1.0523322001099586,0,6,1.0523322001099586
nova/notifications,0-3,1.9587900191545486,10,5,-8.041209980845451
horizon/static,0-3,2.521038740873337,5,7,-2.478961259126663
neutron/quota,0-3,2.814501136541366,0,8,2.814501136541366
roles/configure_functional_tests,0-3,1.3365626335144043,0,4,1.3365626335144043
tools/playbooks,0-3,1.9751044511795044,1,7,0.9751044511795044
keystone/cmd,0-3,2.81652919948101,6,11,-3.18347080051899
playbooks/image-build,0-3,0.4721172899007796,4,3,-3.5278827100992203
elements/haproxy-octavia,0-3,1.5301074236631391,4,6,-2.4698925763368607
neutron/agent,0-3,13.844121299684048,25,35,-11.155878700315952
octavia/cmd,0-3,2.0294561386108394,4,12,-1.9705438613891606
heat/engine,0-3,3.893468409776687,12,14,-8.106531590223312
neutron/debug,0-3,1.0343858301639557,0,4,1.0343858301639557
nova/tests,0-3,24.617746315896508,51,75,-26.382253684103492
heat/common,0-3,1.3000291138887405,7,4,-5.6999708861112595
neutron/scheduler,0-3,1.5777560174465177,16,6,-14.422243982553482
keystone/token,0-3,3.1136180683970442,0,17,3.1136180683970442
playbooks/ceph,0-3,1.2679963111877441,0,4,1.2679963111877441
horizon,0-3,0.4111142009496688,0,2,0.4111142009496688
neutron/profiling,0-3,0.8709734976291654,0,4,0.8709734976291654
nova/network,0-3,7.583700716495513,16,26,-8.416299283504486
cinder/db,0-3,6.580119736492633,22,21,-15.419880263507366
cinder/scheduler,0-3,7.882918506860732,24,28,-16.117081493139267
glance/api,0-3,0.5929142236709595,7,2,-6.4070857763290405
keystone/models,0-3,1.3145886585116382,0,8,1.3145886585116382
cinder/keymgr,0-3,2.226691164076328,0,15,2.226691164076328
doc/ext,0-3,1.0950589179992676,16,5,-14.904941082000732
elements/amphora-fips,0-3,0.0,4,0,-4.0
keystone/identity,0-3,3.0639832168817516,9,12,-5.936016783118248
playbooks/nova-disk-encryption,0-3,0.6402059197425841,0,3,0.6402059197425841
keystone/application_credential,0-3,0.0,4,0,-4.0
heat/tests,0-3,3.699459195137024,15,13,-11.300540804862976
keystone/api,0-3,2.764150939881801,0,14,2.764150939881801
swift/account,0-3,1.3522187694907186,0,6,1.3522187694907186
.vscode,0-3,0.4531425982713698,0,3,0.4531425982713698
heat/api,0-3,0.7959722578525541,0,3,0.7959722578525541
cinder/transfer,0-3,3.172878190875053,0,15,3.172878190875053
roles/prepare_functional_tests_logs,0-3,0.6076515913009641,0,3,0.6076515913009641
openstack_dashboard/conf,0-3,0.7922477796673774,3,5,-2.2077522203326225
neutron/ipam,0-3,2.638497427105903,4,10,-1.3615025728940968
swift/cli,0-3,2.845840953290462,4,8,-1.154159046709538
neutron/extensions,0-3,2.7071674689650536,11,8,-8.292832531034946
keystone/catalog,0-3,0.0,4,0,-4.0
neutron/cmd,0-3,6.539214968681335,17,19,-10.460785031318665
horizon/utils,0-3,0.6481546014547347,0,3,0.6481546014547347
cinder/compute,0-3,2.0184968858957286,24,9,-21.98150311410427
neutron/objects,0-3,6.5741456001996985,12,19,-5.4258543998003015
ironic/conductor,0-3,4.784235768020153,11,12,-6.215764231979847
ironic/api,0-3,5.034739270806313,12,15,-6.965260729193687
neutron/api,0-3,4.673691026866435,11,16,-6.326308973133565
horizon/templatetags,0-3,0.8081188872456548,0,5,0.8081188872456548
doc/api_samples,0-3,3.8064972981810565,8,14,-4.193502701818943
specs,0-3,1.6565841883420944,0,5,1.6565841883420944
nova/limit,0-3,1.4355323463678358,16,7,-14.564467653632164
releasenotes/source,0-3,4.640299655497073,0,25,4.640299655497073
ironic/dhcp,0-3,1.620409496128559,0,6,1.620409496128559
diskimage-create,0-3,1.9105381965637207,4,7,-2.0894618034362793
glance/quota,0-3,1.0813223570585249,1,4,0.08132235705852486
nova/objects,0-3,8.27454498410225,29,21,-20.72545501589775
openstack_dashboard/enabled,0-3,1.336551457643509,0,4,1.336551457643509
glance/policies,0-3,0.6969752013683319,3,2,-2.303024798631668
devstack/tools,0-3,1.584489524364471,5,7,-3.415510475635529
cinder/common,0-3,4.089958198368549,0,18,4.089958198368549
nova/accelerator,0-3,0.0,16,0,-16.0
nova/image,0-3,0.0,10,0,-10.0
cinder/objects,0-3,6.728948913514613,0,23,6.728948913514613
elements/tuned-tuna,0-3,0.8155595883727073,0,5,0.8155595883727073
specs/version1.1,0-3,0.0,6,0,-6.0
octavia/statistics,0-3,0.7660202980041503,0,3,0.7660202980041503
playbooks/legacy,0-3,1.165249168872833,0,5,1.165249168872833
octavia/tests,0-3,9.256680272519587,11,39,-1.7433197274804133
doc/notification_samples,0-3,1.9231531471014023,10,5,-8.076846852898598
keystone/credential,0-3,0.0,4,0,-4.0
keystone/policy,0-3,0.0,4,0,-4.0
nova/cmd,0-3,5.4312865510582915,25,19,-19.568713448941708
openstack_dashboard/locale,0-3,0.0,1,0,-1.0
cinder/message,0-3,0.0,27,0,-27.0
ironic/tests,0-3,10.193485155701637,17,28,-6.806514844298363
octavia/controller,0-3,5.212600558996201,6,16,-0.7873994410037994
octavia/policies,0-3,0.0,3,0,-3.0
keystone/assignment,0-3,0.0,7,0,-7.0
keystone/trust,0-3,0.0,4,0,-4.0
keystone/common,0-3,2.521483667194843,8,9,-5.478516332805157
heat/objects,0-3,0.0,2,0,-2.0
releasenotes/releasenotes,0-3,0.0,8,0,-8.0
.zuul.d,0-3,3.2748431861400604,6,10,-2.7251568138599396
cinder/volume,0-3,33.949967585504055,81,101,-47.050032414495945
etc/config,0-3,1.624633401632309,0,5,1.624633401632309
keystone/conf,0-3,1.6802505329251285,0,8,1.6802505329251285
redfish-interop-profiles,0-3,0.5754399597644805,0,3,0.5754399597644805
cinder/group,0-3,0.0,9,0,-9.0
etc/policy,0-3,0.9512374997138975,2,6,-1.0487625002861025
etc,0-3,5.2563157454133025,19,24,-13.743684254586697
nova/conf,0-3,9.405918657779694,28,28,-18.594081342220306
neutron/common,0-3,12.586074456572533,28,34,-15.413925543427467
ironic/drivers,0-3,8.98157224059105,16,21,-7.018427759408951
ironic/cmd,0-3,1.1840587258338926,3,3,-1.8159412741661074
ironic/conf,0-3,6.391292698681354,11,18,-4.608707301318646
devstack/samples,0-3,1.3721095472574232,0,6,1.3721095472574232
nova/virt,0-3,18.674690268933773,40,60,-21.325309731066227
cinder/zonemanager,0-3,2.001634791493416,12,10,-9.998365208506584
ironic/db,0-3,4.98101719468832,7,14,-2.01898280531168
nova,0-3,8.990228176116943,28,25,-19.009771823883057
neutron/notifiers,0-3,3.5431482344865795,0,12,3.5431482344865795
elements/amphora-agent,0-3,1.8436024263501165,5,7,-3.1563975736498833
octavia/amphorae,0-3,5.8081644624471656,7,25,-1.1918355375528344
swift/proxy,0-3,3.6749968603253365,11,10,-7.3250031396746635
openstack_dashboard/api,0-3,5.6670605540275565,5,19,0.6670605540275565
test,0-3,0.9685572236776351,2,4,-1.0314427763223648
tools,0-3,10.82196208834648,23,39,-12.17803791165352
neutron,0-3,4.400540351867676,4,12,0.4005403518676758
elements/cpu-pinning,0-3,0.8664970099925993,4,5,-3.1335029900074005
cinder/cmd,0-3,5.828065849840641,0,18,5.828065849840641
openstack_auth/tests,0-3,0.0,5,0,-5.0
octavia/distributor,0-3,0.0,3,0,-3.0
heat_upgradetests,0-3,0.0,2,0,-2.0
cinder/api,0-3,14.54241958260536,31,46,-16.457580417394638
devstack,0-3,5.4779562652111045,10,24,-4.5220437347888955
releasenotes/notes,0-3,79.10464848205447,169,241,-89.89535151794553
neutron/plugins,0-3,19.258693002164364,38,58,-18.741306997835636
etc/oslo-config-generator,0-3,1.3293755874037743,14,5,-12.670624412596226
nova/compute,0-3,13.713436909019947,36,36,-22.286563090980053
tools/benchmark,0-3,0.8115633130073546,1,3,-0.18843668699264537
releasenotes,0-3,0.0,4,0,-4.0
doc,0-3,1.135092258453369,0,7,1.135092258453369
test/unit,0-3,5.470875754952431,14,14,-8.52912424504757
nova/db,0-3,4.823390871286392,18,14,-13.176609128713608
elements/disable-makecache,0-3,0.0,4,0,-4.0
doc/test,0-3,1.8077304661273956,0,7,1.8077304661273956
etc/nova,0-3,3.4810001775622363,1,15,2.4810001775622363
ironic,0-3,0.0,2,0,-2.0
neutron/hacking,0-3,1.3797686323523517,0,7,1.3797686323523517
keystone/resource,0-3,2.085485473275184,4,11,-1.9145145267248158
nova/volume,0-3,2.8698788732290264,18,10,-15.130121126770973
cinder/backup,0-3,14.761757180094717,16,49,-1.2382428199052828
etc/cinder,0-3,3.180464163422584,0,16,3.180464163422584
heat/db,0-3,0.6837354004383087,5,3,-4.316264599561691
ironic/common,0-3,7.053243897855281,12,20,-4.946756102144719
etc/neutron,0-3,2.3717829883098602,0,7,2.3717829883098602
nova/pci,0-3,3.774937108159065,16,10,-12.225062891840935
neutron/services,0-3,8.810385785996914,27,22,-18.189614214003086
api-ref/source,0-3,16.867151096463203,52,62,-35.1328489035368
keystone/federation,0-3,2.1323684155941005,4,10,-1.8676315844058995
elements/amphora-selinux,0-3,0.40929946303367615,0,2,0.40929946303367615
bin,0-3,1.3396250009536743,2,5,-0.6603749990463257
glance/async_,0-3,1.6065179482102392,11,8,-9.39348205178976
neutron/tests,0-3,23.38933388143778,43,69,-19.61066611856222
octavia/db,0-3,3.1919946223497386,6,10,-2.8080053776502614
keystone/server,0-3,0.0,7,0,-7.0
swift/container,0-3,3.080581061542034,6,8,-2.919418938457966
cinder,0-3,16.16422612965107,51,57,-34.83577387034893
swift/obj,0-3,2.4810562133789062,8,8,-5.518943786621094
doc/api_schemas,0-3,0.5361018031835555,0,3,0.5361018031835555
openstack_auth,3-6,1.5603312253952026,6,5,-4.439668774604797
nova/policies,3-6,1.9246028661727903,8,6,-6.0753971338272095
swift,3-6,0.34093444794416417,0,2,0.34093444794416417
glance/cmd,3-6,1.2124216929078102,0,6,1.2124216929078102
etc/metadefs,3-6,0.0,6,0,-6.0
neutron/db,3-6,8.868795230984688,29,26,-20.131204769015312
horizon/test,3-6,0.0,6,0,-6.0
test/cors,3-6,0.3893962427973746,0,3,0.3893962427973746
octavia/common,3-6,5.260523505508899,14,25,-8.7394764944911
neutron/conf,3-6,7.128567375242709,20,22,-12.87143262475729
specs/version0.5,3-6,0.9103335365653035,0,6,0.9103335365653035
openstack_dashboard/templates,3-6,0.0,2,0,-2.0
octavia,3-6,0.1212355121970176,0,1,0.1212355121970176
neutron/privileged,3-6,5.173766441643238,0,16,5.173766441643238
nova/conductor,3-6,5.060627758502959,4,18,1.0606277585029593
api-guide/source,3-6,2.123126037418842,0,11,2.123126037418842
openstack_dashboard/static,3-6,2.4208031222224236,4,10,-1.5791968777775764
nova/console,3-6,2.2963638752698894,0,9,2.2963638752698894
openstack_dashboard/contrib,3-6,0.0,4,0,-4.0
roles/fetch_journal_log,3-6,0.2397133633494376,0,2,0.2397133633494376
test/functional,3-6,2.255294941365719,0,7,2.255294941365719
glance/tests,3-6,3.9298362284898753,10,14,-6.070163771510124
zuul.d,3-6,15.453003764152527,30,38,-14.546996235847473
horizon/templates,3-6,0.8604800999164581,6,3,-5.139519900083542
keystone/tests,3-6,5.593182750046252,4,27,1.5931827500462523
doc/source,3-6,47.505421802401536,122,152,-74.49457819759846
cinder/tests,3-6,31.01609023660421,71,101,-39.983909763395786
swift/common,3-6,5.168368354439735,9,14,-3.8316316455602646
playbooks/ci-workarounds,3-6,0.49519001692533493,6,3,-5.504809983074665
devstack/upgrade,3-6,1.712466888129711,0,9,1.712466888129711
nova/privsep,3-6,0.47203941643238057,3,2,-2.5279605835676193
playbooks,3-6,3.2238649725913997,12,12,-8.7761350274086
glance/common,3-6,1.9086018949747083,8,7,-6.091398105025291
glance/db,3-6,1.2044361829757688,7,5,-5.795563817024231
neutron/pecan_wsgi,3-6,2.2902239188551903,5,8,-2.7097760811448097
playbooks/metal3-ci,3-6,1.0023240596055982,0,4,1.0023240596055982
octavia/compute,3-6,0.0,3,0,-3.0
nova/api,3-6,6.533429838716983,21,19,-14.466570161283016
docker/install_scripts,3-6,0.1262848973274231,0,1,0.1262848973274231
ironic/objects,3-6,2.6828064471483226,11,10,-8.317193552851677
glance/image_cache,3-6,0.3155028820037842,0,1,0.3155028820037842
nova/scheduler,3-6,5.061760790646075,16,16,-10.938239209353924
roles/setup-selenium-tests,3-6,0.9611414819955824,4,6,-3.0388585180044174
octavia/network,3-6,2.0291756242513657,6,8,-3.9708243757486343
devstack/lib,3-6,7.2815507501363745,12,26,-4.7184492498636255
test/probe,3-6,2.8198293894529343,6,7,-3.1801706105470657
neutron/server,3-6,0.0,4,0,-4.0
openstack_dashboard/dashboards,3-6,5.521786577999591,13,19,-7.478213422000409
keystone/revoke,3-6,0.7412139028310776,0,4,0.7412139028310776
devstack/files,3-6,1.206743277609348,6,6,-4.793256722390652
glance,3-6,1.245129570364952,0,5,1.245129570364952
nova/hacking,3-6,1.1679115295410154,0,5,1.1679115295410154
heat_integrationtests/functional,3-6,0.7750947475433347,0,4,0.7750947475433347
tools/ovn_migration,3-6,3.2145078629255295,5,8,-1.7854921370744705
openstack_dashboard/themes,3-6,0.0,2,0,-2.0
openstack_dashboard/test,3-6,4.589741125702857,8,18,-3.410258874297143
cinder/image,3-6,7.411967635154723,28,28,-20.588032364845276
roles/setup-disk-encryption-policy,3-6,0.4844186604022978,0,3,0.4844186604022978
openstack_dashboard,3-6,2.320568904280662,0,9,2.320568904280662
heat_integrationtests,3-6,0.0,2,0,-2.0
octavia/api,3-6,5.366896472871303,7,23,-1.6331035271286973
octavia/certificates,3-6,2.3941287696361537,7,12,-4.605871230363846
cinder/privsep,3-6,2.644257120788097,0,15,2.644257120788097
tools/config,3-6,3.022810660302638,0,17,3.022810660302638
test/s3api,3-6,1.0764865800738332,0,6,1.0764865800738332
nova/notifications,3-6,1.9900877922773361,1,5,0.9900877922773361
horizon/static,3-6,2.205070674419403,5,7,-2.794929325580597
neutron/quota,3-6,2.6500175148248672,0,8,2.6500175148248672
roles/configure_functional_tests,3-6,1.3899665474891663,1,4,0.38996654748916626
tools/playbooks,3-6,1.6278399825096126,1,7,0.6278399825096126
keystone/cmd,3-6,2.282542139291763,0,11,2.282542139291763
playbooks/image-build,3-6,0.3976741284132003,0,3,0.3976741284132003
elements/haproxy-octavia,3-6,1.2547005787491796,0,6,1.2547005787491796
neutron/agent,3-6,12.30654863268137,32,35,-19.69345136731863
octavia/cmd,3-6,1.8194481730461116,3,12,-1.1805518269538884
heat/engine,3-6,3.2927555516362186,0,14,3.2927555516362186
neutron/debug,3-6,0.8869830369949339,6,4,-5.113016963005066
nova/tests,3-6,21.367011673748493,40,75,-18.632988326251507
heat/common,3-6,1.2466695383191106,3,4,-1.7533304616808894
neutron/scheduler,3-6,1.5981336906552313,6,6,-4.4018663093447685
keystone/token,3-6,2.929207853972911,0,17,2.929207853972911
playbooks/ceph,3-6,0.8756574541330335,0,4,0.8756574541330335
horizon,3-6,0.2890156954526901,0,2,0.2890156954526901
neutron/profiling,3-6,0.5941020250320433,4,4,-3.4058979749679565
nova/network,3-6,6.780272990465163,17,26,-10.219727009534836
cinder/db,3-6,5.492651246488093,23,21,-17.507348753511906
cinder/scheduler,3-6,7.140368200838565,16,28,-8.859631799161434
glance/api,3-6,0.5401516109704971,8,2,-7.459848389029503
keystone/models,3-6,1.2987539991736408,2,8,-0.7012460008263592
cinder/keymgr,3-6,1.942035816609859,0,15,1.942035816609859
doc/ext,3-6,0.7872392833232877,0,5,0.7872392833232877
keystone/identity,3-6,2.4045329168438907,2,12,0.4045329168438907
heat/cloudinit,3-6,0.0,2,0,-2.0
playbooks/nova-disk-encryption,3-6,0.4844186604022978,0,3,0.4844186604022978
keystone/application_credential,3-6,0.0,8,0,-8.0
heat/tests,3-6,3.3238791450858116,4,13,-0.6761208549141884
keystone/api,3-6,2.552092589437961,0,14,2.552092589437961
swift/account,3-6,1.3303522840142246,1,6,0.33035228401422456
.vscode,3-6,0.3811831474304198,0,3,0.3811831474304198
heat/api,3-6,0.5582958310842513,0,3,0.5582958310842513
cinder/transfer,3-6,2.768698282539844,0,15,2.768698282539844
roles/prepare_functional_tests_logs,3-6,0.3969127684831618,0,3,0.3969127684831618
openstack_dashboard/conf,3-6,0.7747279927134512,0,5,0.7747279927134512
neutron/ipam,3-6,2.4477689042687416,0,10,2.4477689042687416
nova/share,3-6,0.0,4,0,-4.0
swift/cli,3-6,2.9611937403678894,4,8,-1.0388062596321106
neutron/extensions,3-6,2.9189861863851547,19,8,-16.081013813614845
neutron/cmd,3-6,6.014572247862815,19,19,-12.985427752137184
horizon/utils,3-6,0.7511239498853682,0,3,0.7511239498853682
cinder/compute,3-6,1.5252465903759,12,9,-10.4747534096241
neutron/objects,3-6,6.013960532844067,19,19,-12.986039467155933
ironic/conductor,3-6,4.248883053660393,12,12,-7.751116946339607
cinder/wsgi,3-6,0.0,22,0,-22.0
ironic/api,3-6,4.512390628457069,14,15,-9.48760937154293
neutron/api,3-6,4.74263485521078,15,16,-10.257365144789219
horizon/templatetags,3-6,0.9095235317945478,0,5,0.9095235317945478
doc/api_samples,3-6,3.393745511770248,0,14,3.393745511770248
specs,3-6,1.2664790302515028,0,5,1.2664790302515028
nova/limit,3-6,1.2043308466672895,0,7,1.2043308466672895
releasenotes/source,3-6,4.084711179137229,4,25,0.08471117913722903
ironic/dhcp,3-6,1.4863117411732671,0,6,1.4863117411732671
diskimage-create,3-6,1.7774445936083791,0,7,1.7774445936083791
glance/quota,3-6,0.6921312063932418,0,4,0.6921312063932418
nova/objects,3-6,7.565288148820399,16,21,-8.4347118511796
openstack_dashboard/enabled,3-6,0.9712078273296355,0,4,0.9712078273296355
glance/policies,3-6,0.6394908726215363,6,2,-5.360509127378464
devstack/tools,3-6,1.3901046887040136,5,7,-3.609895311295986
cinder/common,3-6,3.922321714460849,0,18,3.922321714460849
specs/version15.0,3-6,0.0,8,0,-8.0
octavia/hacking,3-6,0.0,3,0,-3.0
cinder/objects,3-6,5.56551332771778,5,23,0.5655133277177802
elements/tuned-tuna,3-6,0.809725649654865,0,5,0.809725649654865
specs/version1.1,3-6,0.0,8,0,-8.0
octavia/statistics,3-6,0.47954744100570657,0,3,0.47954744100570657
playbooks/legacy,3-6,1.0277517288923264,0,5,1.0277517288923264
octavia/tests,3-6,8.625073246657847,18,39,-9.374926753342153
doc/notification_samples,3-6,1.9318899661302567,1,5,0.9318899661302567
keystone/credential,3-6,0.0,2,0,-2.0
elements/dpdk,3-6,0.0,1,0,-1.0
nova/cmd,3-6,5.135253340005874,23,19,-17.864746659994125
openstack_dashboard/locale,3-6,0.0,5,0,-5.0
cinder/message,3-6,0.0,10,0,-10.0
ironic/tests,3-6,9.376677960157394,19,28,-9.623322039842606
octavia/controller,3-6,4.407438606023788,14,16,-9.592561393976212
octavia/policies,3-6,0.0,1,0,-1.0
keystone/assignment,3-6,0.0,2,0,-2.0
keystone/common,3-6,2.1687308251857753,4,9,-1.8312691748142247
.zuul.d,3-6,2.877232991158962,5,10,-2.122767008841038
cinder/volume,3-6,30.960075251758095,78,101,-47.0399247482419
etc/config,3-6,1.1886707842350004,0,5,1.1886707842350004
keystone/conf,3-6,1.440740972757339,0,8,1.440740972757339
redfish-interop-profiles,3-6,0.3806628510355949,0,3,0.3806628510355949
doc/manpages,3-6,0.0,1,0,-1.0
etc/policy,3-6,0.8233518302440641,0,6,0.8233518302440641
etc,3-6,5.433286517858504,6,24,-0.5667134821414956
nova/conf,3-6,8.154734425246716,19,28,-10.845265574753284
neutron/common,3-6,11.62261065095663,28,34,-16.37738934904337
ironic/drivers,3-6,7.943890891969204,18,21,-10.056109108030796
ironic/cmd,3-6,1.0091935396194458,0,3,1.0091935396194458
ironic/conf,3-6,5.662549734115601,15,18,-9.3374502658844
devstack/samples,3-6,1.0107454508543012,0,6,1.0107454508543012
nova/virt,3-6,15.979409776628016,30,60,-14.020590223371984
cinder/zonemanager,3-6,1.6450223624706264,9,10,-7.354977637529373
ironic/db,3-6,4.269205413758754,12,14,-7.730794586241246
nova,3-6,8.046150304377079,17,25,-8.953849695622921
neutron/notifiers,3-6,3.471651419997215,0,12,3.471651419997215
elements/amphora-agent,3-6,1.6976797729730604,0,7,1.6976797729730604
octavia/amphorae,3-6,5.2496564984321585,11,25,-5.7503435015678415
swift/proxy,3-6,3.512704163789749,7,10,-3.487295836210251
openstack_dashboard/api,3-6,4.795211359858512,0,19,4.795211359858512
contrib/heat_docker,3-6,0.0,2,0,-2.0
test,3-6,1.0376122891902924,6,4,-4.962387710809708
tools,3-6,9.50750023126602,28,39,-18.49249976873398
neutron,3-6,4.143197000026703,11,12,-6.856802999973297
elements/cpu-pinning,3-6,0.7874390259385107,0,5,0.7874390259385107
cinder/cmd,3-6,5.21530196070671,21,18,-15.78469803929329
openstack_auth/tests,3-6,0.0,6,0,-6.0
cinder/api,3-6,12.392452687025068,24,46,-11.607547312974932
devstack,3-6,4.816613219678401,12,24,-7.183386780321599
releasenotes/notes,3-6,71.17413640022278,159,241,-87.82586359977722
neutron/plugins,3-6,17.196029856801033,34,58,-16.803970143198967
etc/oslo-config-generator,3-6,1.299673408269882,0,5,1.299673408269882
nova/compute,3-6,12.109836786985397,24,36,-11.890163213014603
tools/benchmark,3-6,0.6332520842552184,0,3,0.6332520842552184
doc,3-6,1.0167245045304296,0,7,1.0167245045304296
roles/build_alpine,3-6,0.0,1,0,-1.0
test/unit,3-6,5.623612612485886,10,14,-4.376387387514114
nova/db,3-6,4.231186658143996,14,14,-9.768813341856003
openstack_auth/plugin,3-6,0.0,6,0,-6.0
doc/test,3-6,1.322800740599632,0,7,1.322800740599632
etc/nova,3-6,3.0263614729046813,0,15,3.0263614729046813
ironic/hacking,3-6,0.0,4,0,-4.0
neutron/hacking,3-6,1.1493496000766752,0,7,1.1493496000766752
keystone/resource,3-6,1.9283679425716396,4,11,-2.0716320574283604
nova/volume,3-6,2.3645774796605106,16,10,-13.635422520339489
cinder/backup,3-6,12.402657084167002,40,49,-27.597342915832996
etc/cinder,3-6,3.011775977909564,0,16,3.011775977909564
heat/db,3-6,0.5466017872095107,4,3,-3.453398212790489
ironic/common,3-6,6.37083388119936,16,20,-9.62916611880064
etc/neutron,3-6,2.204967439174652,0,7,2.204967439174652
nova/pci,3-6,3.5104358866810794,0,10,3.5104358866810794
neutron/services,3-6,8.153710715472698,26,22,-17.846289284527302
api-ref/source,3-6,15.111080974340437,50,62,-34.88891902565956
keystone/federation,3-6,1.8452874943614002,5,10,-3.1547125056386
elements/amphora-selinux,3-6,0.3629844039678572,3,2,-2.6370155960321426
playbooks/alpine,3-6,0.0,1,0,-1.0
bin,3-6,1.2671329379081726,4,5,-2.7328670620918274
glance/async_,3-6,1.4437985047698016,8,8,-6.556201495230198
neutron/tests,3-6,20.710293814539906,50,69,-29.289706185460094
glance/domain,3-6,0.0,4,0,-4.0
octavia/db,3-6,2.3528042584657665,12,10,-9.647195741534233
swift/container,3-6,3.3123441487550735,6,8,-2.6876558512449265
cinder,3-6,14.738266959786413,33,57,-18.261733040213585
swift/obj,3-6,2.815871827304363,4,8,-1.1841281726956372
doc/api_schemas,3-6,0.49106040596961953,0,3,0.49106040596961953
openstack_auth,6-9,1.025601513683796,0,5,1.025601513683796
nova/policies,6-9,1.514132224023342,4,6,-2.485867775976658
swift,6-9,0.2004295140504836,0,2,0.2004295140504836
glance/cmd,6-9,0.8865094557404515,0,6,0.8865094557404515
neutron/db,6-9,7.861662797629832,23,26,-15.138337202370167
horizon/test,6-9,0.0,3,0,-3.0
test/cors,6-9,0.2875673696398734,0,3,0.2875673696398734
octavia/common,6-9,4.421243183314799,8,25,-3.5787568166852006
neutron/conf,6-9,6.000972062349319,24,22,-17.99902793765068
specs/version0.5,6-9,0.7927456572651859,0,6,0.7927456572651859
specs/version13.0,6-9,0.0,3,0,-3.0
octavia,6-9,0.0922312065958976,1,1,-0.9077687934041024
neutron/privileged,6-9,4.090166047215461,8,16,-3.909833952784539
nova/conductor,6-9,3.838222555816173,6,18,-2.161777444183827
api-guide/source,6-9,1.5327906534075733,2,11,-0.46720934659242674
openstack_dashboard/static,6-9,1.888399057090282,0,10,1.888399057090282
nova/console,6-9,1.6707217693328855,3,9,-1.3292782306671145
roles/fetch_journal_log,6-9,0.2114424854516982,0,2,0.2114424854516982
test/functional,6-9,1.2117639258503912,6,7,-4.788236074149609
glance/tests,6-9,3.1226341798901553,11,14,-7.877365820109844
horizon/tables,6-9,0.0,6,0,-6.0
zuul.d,6-9,12.872493550181389,29,38,-16.12750644981861
horizon/templates,6-9,0.5159287154674529,0,3,0.5159287154674529
keystone/tests,6-9,4.588717095553874,18,27,-13.411282904446125
doc/source,6-9,39.17259630560874,110,152,-70.82740369439125
cinder/tests,6-9,25.612305417656895,62,101,-36.3876945823431
nova/storage,6-9,0.0,3,0,-3.0
swift/common,6-9,4.78783206641674,12,14,-7.21216793358326
playbooks/ci-workarounds,6-9,0.3359788060188292,0,3,0.3359788060188292
devstack/upgrade,6-9,1.4542039707303043,3,9,-1.5457960292696957
nova/privsep,6-9,0.3056645393371581,3,2,-2.694335460662842
openstack_dashboard/utils,6-9,0.0,6,0,-6.0
playbooks,6-9,2.5676635578274722,0,12,2.5676635578274722
glance/common,6-9,1.2785979732871053,3,7,-1.7214020267128947
roles/run-evacuate-hook,6-9,0.0,4,0,-4.0
glance/db,6-9,0.7602311894297598,10,5,-9.23976881057024
neutron/pecan_wsgi,6-9,1.6314418986439703,0,8,1.6314418986439703
playbooks/metal3-ci,6-9,0.8810900300741193,1,4,-0.11890996992588065
octavia/compute,6-9,0.0,3,0,-3.0
nova/api,6-9,5.007023118436336,14,19,-8.992976881563663
docker/install_scripts,6-9,0.2717869579792022,1,1,-0.7282130420207977
ironic/objects,6-9,1.960572354495525,11,10,-9.039427645504475
glance/image_cache,6-9,0.1538127809762954,0,1,0.1538127809762954
nova/scheduler,6-9,3.892308764159679,7,16,-3.107691235840321
roles/setup-selenium-tests,6-9,0.8056401982903478,0,6,0.8056401982903478
octavia/network,6-9,1.7022267058491705,2,8,-0.29777329415082954
devstack/lib,6-9,5.514657258987426,19,26,-13.485342741012573
test/probe,6-9,1.9237538427114484,7,7,-5.076246157288551
neutron/server,6-9,0.0,4,0,-4.0
openstack_dashboard/dashboards,6-9,4.644808992743491,11,19,-6.355191007256509
keystone/revoke,6-9,0.6881004571914672,3,4,-2.3118995428085327
keystone/auth,6-9,0.0,3,0,-3.0
devstack/files,6-9,1.2107283174991608,3,6,-1.7892716825008392
glance,6-9,0.8851343244314192,0,5,0.8851343244314192
nova/hacking,6-9,0.8928886726498603,3,5,-2.1071113273501396
heat_integrationtests/functional,6-9,0.5413008406758307,0,4,0.5413008406758307
heat/cmd,6-9,0.0,3,0,-3.0
roles/run-heat-tests,6-9,0.0,3,0,-3.0
tools/ovn_migration,6-9,2.899736791849136,0,8,2.899736791849136
openstack_dashboard/test,6-9,3.685025684535503,10,18,-6.314974315464497
cinder/image,6-9,5.897955194115638,16,28,-10.102044805884361
roles/setup-disk-encryption-policy,6-9,0.3578414618968962,0,3,0.3578414618968962
openstack_dashboard,6-9,1.7497362568974493,9,9,-7.2502637431025505
heat_integrationtests,6-9,0.0,3,0,-3.0
octavia/api,6-9,4.265704505145549,7,23,-2.734295494854451
octavia/certificates,6-9,1.993820615112781,4,12,-2.006179384887219
cinder/privsep,6-9,2.1169907376170154,0,15,2.1169907376170154
tools/config,6-9,2.232816860079765,3,17,-0.7671831399202351
test/s3api,6-9,0.7044362574815748,5,6,-4.295563742518425
nova/notifications,6-9,1.4112883806228635,5,5,-3.5887116193771362
horizon/static,6-9,1.7666604965925214,0,7,1.7666604965925214
neutron/quota,6-9,2.043742395937443,6,8,-3.956257604062557
roles/configure_functional_tests,6-9,0.9523346722126005,5,4,-4.047665327787399
tools/playbooks,6-9,1.059289067983627,0,7,1.059289067983627
nova/servicegroup,6-9,0.0,3,0,-3.0
keystone/cmd,6-9,1.8653348237276073,3,11,-1.1346651762723927
playbooks/image-build,6-9,0.3306180685758589,0,3,0.3306180685758589
elements/haproxy-octavia,6-9,1.084702685475349,0,6,1.084702685475349
neutron/agent,6-9,10.77881424129009,36,35,-25.221185758709908
octavia/cmd,6-9,1.6589126437902446,5,12,-3.3410873562097554
heat/engine,6-9,2.473877884447574,9,14,-6.526122115552425
neutron/debug,6-9,0.6164924651384351,0,4,0.6164924651384351
nova/tests,6-9,18.28068473190069,37,75,-18.71931526809931
heat/common,6-9,0.8230654373764991,6,4,-5.176934562623501
neutron/scheduler,6-9,1.101141072809696,9,6,-7.898858927190304
keystone/token,6-9,2.3259508684277526,2,17,0.32595086842775256
playbooks/ceph,6-9,0.619002506136894,0,4,0.619002506136894
horizon,6-9,0.28219027817249287,0,2,0.28219027817249287
neutron/profiling,6-9,0.6554736196994779,0,4,0.6554736196994779
nova/network,6-9,5.395391292870044,3,26,2.395391292870044
cinder/db,6-9,5.277779117226601,17,21,-11.7222208827734
cinder/scheduler,6-9,6.0302409529685965,18,28,-11.969759047031403
glance/api,6-9,0.3196284621953963,4,2,-3.6803715378046036
keystone/models,6-9,1.2655976414680479,8,8,-6.734402358531952
cinder/keymgr,6-9,1.6787842810153955,12,15,-10.321215718984604
doc/ext,6-9,0.6531134247779845,3,5,-2.3468865752220154
keystone/identity,6-9,2.015666395425796,7,12,-4.9843336045742035
playbooks/nova-disk-encryption,6-9,0.3578414618968962,0,3,0.3578414618968962
heat/tests,6-9,2.3797983080148692,10,13,-7.62020169198513
keystone/api,6-9,2.2627174034714694,2,14,0.26271740347146944
swift/account,6-9,0.721687465906143,3,6,-2.278312534093857
.vscode,6-9,0.34066542983055104,0,3,0.34066542983055104
heat/api,6-9,0.391608715057373,0,3,0.391608715057373
cinder/transfer,6-9,2.08694939315319,0,15,2.08694939315319
roles/prepare_functional_tests_logs,6-9,0.3612967208027839,0,3,0.3612967208027839
openstack_dashboard/conf,6-9,0.671157158911228,3,5,-2.328842841088772
neutron/ipam,6-9,1.7225400283932681,0,10,1.7225400283932681
nova/share,6-9,0.0,3,0,-3.0
swift/cli,6-9,2.0449998900294304,6,8,-3.9550001099705696
neutron/extensions,6-9,2.377194806933403,8,8,-5.622805193066597
neutron/cmd,6-9,4.883145503699779,18,19,-13.11685449630022
horizon/utils,6-9,0.47212259471416473,0,3,0.47212259471416473
cinder/compute,6-9,1.1897021457552908,12,9,-10.810297854244709
neutron/objects,6-9,5.027761600911616,12,19,-6.972238399088384
ironic/conductor,6-9,3.116109818220138,14,12,-10.883890181779861
cinder/wsgi,6-9,0.0,4,0,-4.0
ironic/api,6-9,3.436204575002193,11,15,-7.5637954249978065
neutron/api,6-9,3.681766904890537,7,16,-3.318233095109463
horizon/templatetags,6-9,0.682574540376663,0,5,0.682574540376663
doc/api_samples,6-9,2.4630571901798244,0,14,2.4630571901798244
nova/keymgr,6-9,0.0,7,0,-7.0
specs,6-9,0.8733845651149748,3,5,-2.126615434885025
openstack_dashboard/local,6-9,0.0,5,0,-5.0
nova/limit,6-9,0.9302489310503002,5,7,-4.069751068949699
releasenotes/source,6-9,3.2797809764742842,10,25,-6.720219023525716
ironic/dhcp,6-9,0.8852905854582784,0,6,0.8852905854582784
diskimage-create,6-9,1.3918380364775655,0,7,1.3918380364775655
glance/quota,6-9,0.5636375546455382,0,4,0.5636375546455382
nova/objects,6-9,5.96895845234394,20,21,-14.03104154765606
openstack_dashboard/enabled,6-9,0.6789555475115774,0,4,0.6789555475115774
glance/policies,6-9,0.3278820067644118,0,2,0.3278820067644118
devstack/tools,6-9,1.307788036763668,5,7,-3.692211963236332
cinder/common,6-9,2.98400554805994,14,18,-11.01599445194006
specs/version15.0,6-9,0.0,3,0,-3.0
octavia/hacking,6-9,0.0,1,0,-1.0
nova/accelerator,6-9,0.0,3,0,-3.0
nova/image,6-9,0.0,10,0,-10.0
cinder/objects,6-9,4.33925500512123,0,23,4.33925500512123
specs-tests,6-9,0.0,3,0,-3.0
elements/tuned-tuna,6-9,0.6797664910554884,0,5,0.6797664910554884
horizon/locale,6-9,0.0,5,0,-5.0
octavia/statistics,6-9,0.4906482398509978,0,3,0.4906482398509978
playbooks/legacy,6-9,0.666691683232784,0,5,0.666691683232784
octavia/tests,6-9,7.264503523707388,9,39,-1.735496476292612
doc/notification_samples,6-9,1.3051167279481886,3,5,-1.6948832720518114
nova/cmd,6-9,3.8920131772756568,13,19,-9.107986822724342
ironic/tests,6-9,8.293997541069984,19,28,-10.706002458930016
octavia/controller,6-9,3.4861525222659107,4,16,-0.5138474777340893
cinder/brick,6-9,0.0,6,0,-6.0
keystone/common,6-9,1.9634629711508749,13,9,-11.036537028849125
.zuul.d,6-9,2.139468111097812,3,10,-0.8605318889021878
cinder/volume,6-9,25.903303280472752,57,101,-31.096696719527248
etc/config,6-9,0.802619770169258,0,5,0.802619770169258
keystone/conf,6-9,1.3017960861325262,10,8,-8.698203913867474
redfish-interop-profiles,6-9,0.38714216649532307,0,3,0.38714216649532307
cinder/group,6-9,0.0,7,0,-7.0
doc/manpages,6-9,0.0,5,0,-5.0
etc/policy,6-9,0.7266792133450506,0,6,0.7266792133450506
etc,6-9,4.162180498242377,8,24,-3.8378195017576227
nova/conf,6-9,6.835248067975043,9,28,-2.1647519320249566
neutron/common,6-9,10.017533987760544,28,34,-17.982466012239456
ironic/drivers,6-9,6.788543239235878,12,21,-5.211456760764122
ironic/cmd,6-9,0.6538460850715636,6,3,-5.346153914928436
ironic/conf,6-9,4.3351288586854935,8,18,-3.6648711413145065
devstack/samples,6-9,0.8318419009447093,0,6,0.8318419009447093
nova/virt,6-9,13.346749790012835,16,60,-2.6532502099871653
cinder/zonemanager,6-9,1.8440098389983175,11,10,-9.155990161001682
ironic/db,6-9,3.1464998275041576,13,14,-9.853500172495842
nova,6-9,6.259284049272536,11,25,-4.740715950727464
neutron/notifiers,6-9,2.4878623336553574,0,12,2.4878623336553574
elements/amphora-agent,6-9,1.3675933480262754,2,7,-0.6324066519737246
octavia/amphorae,6-9,4.318898625671863,8,25,-3.6811013743281373
swift/proxy,6-9,2.5924470573663707,9,10,-6.407552942633629
openstack_dashboard/api,6-9,3.7759673669934264,7,19,-3.2240326330065736
test,6-9,0.4790113866329191,7,4,-6.520988613367081
tools,6-9,7.018741972744463,13,39,-5.981258027255537
neutron,6-9,3.041391313076019,9,12,-5.958608686923981
elements/cpu-pinning,6-9,0.6578491628170012,0,5,0.6578491628170012
cinder/cmd,6-9,4.172504417598247,12,18,-7.827495582401753
cinder/api,6-9,10.54836969822645,23,46,-12.45163030177355
devstack,6-9,3.975775845348834,9,24,-5.024224154651166
releasenotes/notes,6-9,59.89901887625455,136,241,-76.10098112374544
neutron/plugins,6-9,15.52521678060293,38,58,-22.474783219397068
etc/oslo-config-generator,6-9,0.8420381173491476,6,5,-5.157961882650852
nova/compute,6-9,10.048032961785792,17,36,-6.9519670382142085
tools/benchmark,6-9,0.4243037104606628,0,3,0.4243037104606628
doc,6-9,0.9418655335903166,7,7,-6.058134466409683
test/unit,6-9,5.381171680986881,15,14,-9.618828319013119
cinder/interface,6-9,0.0,10,0,-10.0
nova/db,6-9,3.2489051222801204,12,14,-8.75109487771988
doc/test,6-9,1.0467922016978264,0,7,1.0467922016978264
etc/nova,6-9,2.325509585440158,2,15,0.32550958544015796
openstack_dashboard/django_pyscss_fix,6-9,0.0,2,0,-2.0
neutron/hacking,6-9,0.876849979162216,6,7,-5.123150020837784
keystone/resource,6-9,1.6862064972519872,0,11,1.6862064972519872
nova/volume,6-9,1.5908825844526286,4,10,-2.4091174155473714
cinder/backup,6-9,9.795127257704733,20,49,-10.204872742295267
etc/cinder,6-9,2.352144964039325,0,16,2.352144964039325
heat/db,6-9,0.35006857663393,7,3,-6.64993142336607
ironic/common,6-9,5.390263453125953,14,20,-8.609736546874046
specs/version1.2,6-9,0.0,3,0,-3.0
etc/neutron,6-9,1.3540626540780065,5,7,-3.6459373459219933
nova/pci,6-9,2.8092117682099342,3,10,-0.19078823179006577
specs/version14.0,6-9,0.0,3,0,-3.0
neutron/services,6-9,6.83594425022602,24,22,-17.16405574977398
api-ref/source,6-9,11.140916138887404,33,62,-21.859083861112595
keystone/federation,6-9,1.5391645208001132,7,10,-5.460835479199886
elements/amphora-selinux,6-9,0.4010131508111953,1,2,-0.5989868491888046
bin,6-9,0.5508131533861159,5,5,-4.449186846613884
glance/async_,6-9,0.9510256201028822,0,8,0.9510256201028822
neutron/tests,6-9,18.43952279537916,48,69,-29.56047720462084
octavia/db,6-9,1.8670624718070026,1,10,0.8670624718070026
keystone/server,6-9,0.0,2,0,-2.0
doc/saio,6-9,0.0,1,0,-1.0
swift/container,6-9,2.7362555488944054,9,8,-6.263744451105595
cinder,6-9,12.759863480925558,37,57,-24.24013651907444
swift/obj,6-9,1.945715047419071,5,8,-3.054284952580929
doc/api_schemas,6-9,0.4297752752900122,0,3,0.4297752752900122
openstack_auth,9-12,0.8003340288996694,3,5,-2.1996659711003304
nova/policies,9-12,0.9795219749212262,6,6,-5.0204780250787735
swift,9-12,0.18780255317687983,0,2,0.18780255317687983
glance/cmd,9-12,0.6591218858957288,0,6,0.6591218858957288
neutron/db,9-12,5.350095950067042,22,26,-16.649904049932957
horizon/test,9-12,0.0,3,0,-3.0
heat/wsgi,9-12,0.0,1,0,-1.0
test/cors,9-12,0.2979472801089285,0,3,0.2979472801089285
octavia/common,9-12,3.99354676157236,11,25,-7.00645323842764
neutron/conf,9-12,3.966232314705848,18,22,-14.033767685294151
specs/version0.5,9-12,0.8074720576405524,2,6,-1.1925279423594475
octavia,9-12,0.1113270819187164,0,1,0.1113270819187164
neutron/privileged,9-12,2.4783280938863745,5,16,-2.5216719061136255
nova/conductor,9-12,2.919211208820342,16,18,-13.080788791179657
api-guide/source,9-12,1.4055701643228529,2,11,-0.5944298356771471
openstack_dashboard/static,9-12,1.5146981626749034,2,10,-0.4853018373250966
nova/console,9-12,1.245965905487537,9,9,-7.754034094512463
octavia/volume,9-12,0.0,2,0,-2.0
roles/fetch_journal_log,9-12,0.2217978388071059,0,2,0.2217978388071059
test/functional,9-12,0.8131584823131559,4,7,-3.186841517686844
glance/tests,9-12,2.300022572278976,8,14,-5.699977427721024
zuul.d,9-12,8.287305071949957,36,38,-27.71269492805004
horizon/templates,9-12,0.4224088415503501,0,3,0.4224088415503501
keystone/tests,9-12,4.326388590037822,17,27,-12.673611409962177
doc/source,9-12,29.52836346626281,94,152,-64.47163653373718
cinder/tests,9-12,22.306016802787777,72,101,-49.69398319721222
nova/storage,9-12,0.0,3,0,-3.0
swift/common,9-12,2.9683970659971233,11,14,-8.031602934002876
playbooks/ci-workarounds,9-12,0.337453782558441,0,3,0.337453782558441
devstack/upgrade,9-12,1.1811253428459165,5,9,-3.8188746571540833
heat/httpd,9-12,0.0,1,0,-1.0
nova/privsep,9-12,0.2306048274040221,3,2,-2.769395172595978
playbooks,9-12,1.6283378899097438,3,12,-1.3716621100902562
glance/common,9-12,0.8728364631533619,8,7,-7.127163536846638
roles/run-evacuate-hook,9-12,0.0,5,0,-5.0
glance/db,9-12,0.6994100436568258,4,5,-3.300589956343174
neutron/pecan_wsgi,9-12,1.0503082573413844,0,8,1.0503082573413844
playbooks/metal3-ci,9-12,0.5653863847255705,0,4,0.5653863847255705
octavia/compute,9-12,0.0,4,0,-4.0
nova/api,9-12,3.9661566317081443,15,19,-11.033843368291855
docker/install_scripts,9-12,0.1190836951136589,0,1,0.1190836951136589
ironic/objects,9-12,1.5682008117437358,3,10,-1.4317991882562642
glance/image_cache,9-12,0.0994040742516517,7,1,-6.900595925748348
nova/scheduler,9-12,3.2847867310047145,6,16,-2.7152132689952855
roles/setup-selenium-tests,9-12,0.6595321148633955,0,6,0.6595321148633955
octavia/network,9-12,1.3699538186192508,9,8,-7.630046181380749
devstack/lib,9-12,3.813523352146148,23,26,-19.18647664785385
test/probe,9-12,1.1568114086985584,7,7,-5.843188591301441
nova/wsgi,9-12,0.0,3,0,-3.0
neutron/server,9-12,0.0,3,0,-3.0
openstack_dashboard/dashboards,9-12,3.6586814299225803,12,19,-8.34131857007742
keystone/revoke,9-12,0.4996118992567061,0,4,0.4996118992567061
keystone/auth,9-12,0.0,6,0,-6.0
devstack/files,9-12,0.8248537778854368,0,6,0.8248537778854368
glance,9-12,0.6073037385940551,3,5,-2.392696261405945
nova/hacking,9-12,0.6152181401848791,4,5,-3.3847818598151207
heat_integrationtests/functional,9-12,0.44194418936967816,0,4,0.44194418936967816
tools/ovn_migration,9-12,1.8579723909497259,0,8,1.8579723909497259
openstack_dashboard/test,9-12,2.9908775910735126,11,18,-8.009122408926487
cinder/image,9-12,4.663775168359279,16,28,-11.33622483164072
octavia/wsgi,9-12,0.0,7,0,-7.0
roles/setup-disk-encryption-policy,9-12,0.3691070675849913,0,3,0.3691070675849913
openstack_dashboard,9-12,1.1371767148375507,8,9,-6.862823285162449
etc/heat,9-12,0.0,1,0,-1.0
heat_integrationtests,9-12,0.0,3,0,-3.0
octavia/api,9-12,3.706465832889079,8,23,-4.293534167110921
octavia/certificates,9-12,1.5693721696734422,5,12,-3.430627830326558
doc/s3api,9-12,0.0,4,0,-4.0
cinder/privsep,9-12,1.857819721102714,0,15,1.857819721102714
tools/config,9-12,2.158787734806537,0,17,2.158787734806537
test/s3api,9-12,0.6123618260025976,7,6,-6.387638173997402
nova/notifications,9-12,0.9284710288047789,2,5,-1.071528971195221
horizon/static,9-12,1.205721817910671,0,7,1.205721817910671
neutron/quota,9-12,1.0612980946898456,0,8,1.0612980946898456
roles/configure_functional_tests,9-12,0.5340699926018714,3,4,-2.4659300073981285
tools/playbooks,9-12,0.8666222766041752,3,7,-2.133377723395825
keystone/cmd,9-12,1.5298841595649715,4,11,-2.4701158404350285
playbooks/image-build,9-12,0.3675462901592254,0,3,0.3675462901592254
elements/haproxy-octavia,9-12,0.9603712260723112,0,6,0.9603712260723112
neutron/agent,9-12,7.283408999443053,25,35,-17.716591000556946
octavia/cmd,9-12,1.5784557759761806,2,12,-0.4215442240238194
heat/engine,9-12,2.0590228065848346,5,14,-2.9409771934151654
neutron/debug,9-12,0.4880637452006339,0,4,0.4880637452006339
nova/tests,9-12,15.36748460680246,44,75,-28.63251539319754
heat/common,9-12,0.6166742667555807,5,4,-4.383325733244419
neutron/scheduler,9-12,0.744174115359783,0,6,0.744174115359783
keystone/token,9-12,2.197346627712249,0,17,2.197346627712249
playbooks/ceph,9-12,0.5459193810820578,0,4,0.5459193810820578
horizon,9-12,0.2001086026430129,0,2,0.2001086026430129
neutron/profiling,9-12,0.5467547699809072,0,4,0.5467547699809072
nova/network,9-12,4.227070331573485,10,26,-5.772929668426515
cinder/db,9-12,4.825560837984084,7,21,-2.174439162015916
cinder/scheduler,9-12,4.762579835951327,8,28,-3.2374201640486726
glance/api,9-12,0.287614956498146,7,2,-6.712385043501854
keystone/models,9-12,0.9609201624989505,0,8,0.9609201624989505
cinder/keymgr,9-12,1.7238875776529303,0,15,1.7238875776529303
doc/ext,9-12,0.6276641264557837,0,5,0.6276641264557837
keystone/identity,9-12,1.667661309242248,2,12,-0.3323386907577519
octavia/image,9-12,0.0,2,0,-2.0
playbooks/nova-disk-encryption,9-12,0.3691070675849913,0,3,0.3691070675849913
heat/tests,9-12,1.9401380643248554,7,13,-5.059861935675144
keystone/api,9-12,1.946001082658767,5,14,-3.053998917341233
swift/account,9-12,0.6130939200520513,3,6,-2.3869060799479485
.vscode,9-12,0.2973321899771689,0,3,0.2973321899771689
heat/api,9-12,0.3296489790081977,1,3,-0.6703510209918023
cinder/transfer,9-12,1.8097278103232375,0,15,1.8097278103232375
roles/prepare_functional_tests_logs,9-12,0.3624306619167327,0,3,0.3624306619167327
openstack_dashboard/conf,9-12,0.5381267368793485,0,5,0.5381267368793485
neutron/ipam,9-12,1.1975248157978053,0,10,1.1975248157978053
swift/cli,9-12,1.1659646108746526,1,8,0.16596461087465264
neutron/extensions,9-12,1.4979357644915579,5,8,-3.502064235508442
keystone/catalog,9-12,0.0,2,0,-2.0
roles/legacy_ebtables,9-12,0.0,6,0,-6.0
gate,9-12,0.0,5,0,-5.0
neutron/cmd,9-12,3.064473710954189,13,19,-9.93552628904581
horizon/utils,9-12,0.4080490544438361,0,3,0.4080490544438361
cinder/compute,9-12,0.9910912141203876,0,9,0.9910912141203876
neutron/objects,9-12,3.342233158648013,7,19,-3.657766841351987
ironic/conductor,9-12,1.971166461706161,9,12,-7.0288335382938385
cinder/wsgi,9-12,0.0,7,0,-7.0
ironic/api,9-12,2.4450800567865367,9,15,-6.554919943213463
neutron/api,9-12,2.4255922287702556,9,16,-6.574407771229744
horizon/templatetags,9-12,0.5697347894310949,0,5,0.5697347894310949
doc/api_samples,9-12,1.9410450384020799,0,14,1.9410450384020799
specs,9-12,0.6854513660073278,2,5,-1.3145486339926722
nova/limit,9-12,0.8487248197197909,3,7,-2.151275180280209
releasenotes/source,9-12,2.892870903015136,10,25,-7.107129096984864
ironic/dhcp,9-12,0.8050729632377622,3,6,-2.1949270367622375
diskimage-create,9-12,1.1504828259348867,3,7,-1.8495171740651133
glance/quota,9-12,0.5046566352248191,0,4,0.5046566352248191
nova/objects,9-12,4.488953530788422,18,21,-13.511046469211578
openstack_dashboard/enabled,9-12,0.526029549539089,0,4,0.526029549539089
glance/policies,9-12,0.20660959929227818,3,2,-2.7933904007077217
devstack/tools,9-12,0.9192704483866689,0,7,0.9192704483866689
roles/add_mariadb_repo,9-12,0.0,3,0,-3.0
cinder/common,9-12,2.2702947333455077,0,18,2.2702947333455077
octavia/hacking,9-12,0.0,2,0,-2.0
nova/accelerator,9-12,0.0,3,0,-3.0
cinder/objects,9-12,3.6670892462134352,7,23,-3.3329107537865648
specs-tests,9-12,0.0,2,0,-2.0
elements/tuned-tuna,9-12,0.7053006812930106,0,5,0.7053006812930106
octavia/statistics,9-12,0.4605637788772582,2,3,-1.5394362211227417
playbooks/legacy,9-12,0.6009365916252134,0,5,0.6009365916252134
octavia/tests,9-12,6.4994237273931486,15,39,-8.500576272606851
doc/notification_samples,9-12,0.9007121697068212,2,5,-1.0992878302931788
roles/nftables,9-12,0.0,5,0,-5.0
nova/cmd,9-12,3.0225163102149954,21,19,-17.977483689785004
openstack_dashboard/locale,9-12,0.0,1,0,-1.0
ironic/tests,9-12,6.147476315498351,15,28,-8.852523684501648
octavia/controller,9-12,2.9076200649142256,11,16,-8.092379935085773
octavia/policies,9-12,0.0,2,0,-2.0
cinder/brick,9-12,0.0,10,0,-10.0
keystone/common,9-12,1.559546291828155,8,9,-6.4404537081718445
releasenotes/releasenotes,9-12,0.0,7,0,-7.0
nova/bin,9-12,0.0,4,0,-4.0
.zuul.d,9-12,1.5588048622012132,7,10,-5.441195137798787
cinder/volume,9-12,22.783332556486126,67,101,-44.21666744351387
etc/config,9-12,0.6853362545371053,3,5,-2.3146637454628944
keystone/conf,9-12,1.039020679891109,4,8,-2.960979320108891
redfish-interop-profiles,9-12,0.3225821703672409,0,3,0.3225821703672409
doc/manpages,9-12,0.0,3,0,-3.0
etc/policy,9-12,0.733815401792526,0,6,0.733815401792526
etc,9-12,3.2378270700573912,2,24,1.2378270700573912
nova/conf,9-12,5.510169878602027,17,28,-11.489830121397972
neutron/common,9-12,7.002594105899333,22,34,-14.997405894100666
ironic/drivers,9-12,4.818694829940795,14,21,-9.181305170059204
ironic/cmd,9-12,0.49213692545890797,2,3,-1.507863074541092
ironic/conf,9-12,2.949170149862766,11,18,-8.050829850137234
devstack/samples,9-12,0.8108349367976188,0,6,0.8108349367976188
nova/virt,9-12,11.491046987473963,33,60,-21.508953012526035
cinder/zonemanager,9-12,1.7550004348158832,0,10,1.7550004348158832
ironic/db,9-12,2.273966878652572,3,14,-0.7260331213474278
nova,9-12,5.033107601106166,13,25,-7.966892398893834
neutron/notifiers,9-12,1.6604213714599605,0,12,1.6604213714599605
elements/amphora-agent,9-12,1.216986611485481,0,7,1.216986611485481
octavia/amphorae,9-12,3.829425364732741,6,25,-2.170574635267259
swift/proxy,9-12,1.5354717224836347,8,10,-6.464528277516365
openstack_dashboard/api,9-12,3.0822488069534297,6,19,-2.9177511930465703
test,9-12,0.4003927931189536,0,4,0.4003927931189536
tools,9-12,5.242456018924711,4,39,1.2424560189247114
neutron,9-12,1.642918705940246,8,12,-6.357081294059754
elements/cpu-pinning,9-12,0.6979101821780203,0,5,0.6979101821780203
cinder/cmd,9-12,3.565833494067191,9,18,-5.434166505932809
octavia/distributor,9-12,0.0,2,0,-2.0
cinder/api,9-12,8.360377147793768,12,46,-3.639622852206232
devstack,9-12,3.262144714593886,14,24,-10.737855285406114
releasenotes/notes,9-12,47.50172907114028,139,241,-91.49827092885971
neutron/plugins,9-12,11.816694870591162,31,58,-19.183305129408836
etc/oslo-config-generator,9-12,0.5613874867558477,0,5,0.5613874867558477
nova/compute,9-12,8.084232002496718,24,36,-15.915767997503282
tools/benchmark,9-12,0.384043626487255,0,3,0.384043626487255
doc,9-12,0.8366129174828526,10,7,-9.163387082517147
test/unit,9-12,3.575330004096031,11,14,-7.424669995903969
nova/db,9-12,2.3060060814023013,14,14,-11.693993918597698
doc/test,9-12,0.9912036508321759,5,7,-4.008796349167824
etc/nova,9-12,2.0280434042215343,2,15,0.028043404221534285
neutron/hacking,9-12,0.8291040584444996,0,7,0.8291040584444996
keystone/resource,9-12,1.3811271935701366,1,11,0.3811271935701366
nova/volume,9-12,1.4722492396831508,5,10,-3.527750760316849
cinder/backup,9-12,8.23200113326311,30,49,-21.76799886673689
etc/cinder,9-12,1.9802677333354943,0,16,1.9802677333354943
heat/db,9-12,0.3146894723176955,0,3,0.3146894723176955
ironic/common,9-12,3.7653486207127567,11,20,-7.234651379287243
etc/neutron,9-12,0.9212328270077703,0,7,0.9212328270077703
nova/pci,9-12,2.3565623909234996,6,10,-3.6434376090765004
neutron/services,9-12,4.390941232442855,19,22,-14.609058767557144
api-ref/source,9-12,8.814679376780983,19,62,-10.185320623219017
keystone/federation,9-12,1.3146930709481237,6,10,-4.685306929051876
elements/amphora-selinux,9-12,0.2840693295001983,0,2,0.2840693295001983
bin,9-12,0.5187759324908255,4,5,-3.4812240675091743
glance/async_,9-12,0.8347403854131696,1,8,-0.16525961458683036
neutron/tests,9-12,14.355129137635227,39,69,-24.644870862364773
octavia/db,9-12,1.4845465049147604,7,10,-5.515453495085239
keystone/server,9-12,0.0,6,0,-6.0
swift/container,9-12,1.4822042360901828,7,8,-5.517795763909817
cinder,9-12,10.30944152921438,13,57,-2.6905584707856196
swift/obj,9-12,1.339880786836147,5,8,-3.6601192131638527
doc/api_schemas,9-12,0.4056724980473516,0,3,0.4056724980473516
