repo,team,tier,n_rows,n_changes,n_reviewers,n_owners,acceptance_rate,first_review,last_review,active_months,rows_per_month
openstack/adjutant,adjutant,極小,76,57,17,25,0.4868421052631579,2017-12-06 20:32:11,2025-09-13 22:27:00,93.23258869908015,0.8151656095842142
openstack/adjutant-ui,adjutant,極小,66,42,18,19,0.5606060606060606,2018-11-28 12:15:14,2025-09-13 22:32:50,81.50459921156373,0.809770253929867
openstack/aetos,Telemetry,小,150,51,8,5,0.7533333333333333,2025-04-11 08:50:18,2025-12-10 18:40:08,7.982917214191852,18.790123456790123
openstack/ansible-role-atos-hsm,barbican,小,40,17,14,6,0.5,2019-12-19 16:20:12,2023-09-26 14:43:12,45.203679369250985,0.8848837209302326
openstack/ansible-role-lunasa-hsm,barbican,小,85,39,8,7,0.7764705882352941,2020-04-27 20:58:49,2025-05-15 18:30:55,60.545335085413925,1.403906673901248
openstack/ansible-role-thales-hsm,barbican,小,78,34,12,6,0.7051282051282052,2020-04-29 20:27:03,2024-09-23 09:31:27,52.79237844940867,1.477485998755445
openstack/aodh,Telemetry,小,677,294,65,62,0.534711964549483,2016-02-29 14:57:31,2025-11-23 02:24:51,116.75427069645202,5.798503095104109
openstack/barbican,barbican,小,1238,449,102,78,0.37075928917609047,2017-04-05 18:47:21,2025-09-11 16:22:41,101.18265440210249,12.235298701298703
openstack/barbican-specs,barbican,小,65,17,24,13,0.3384615384615385,2014-06-06 01:57:43,2025-04-14 12:12:32,130.2562417871222,0.49901639344262294
openstack/barbican-tempest-plugin,barbican,小,545,140,68,42,0.26788990825688075,2017-03-11 11:10:34,2025-11-06 22:15:46,103.87647831800263,5.246616065781152
openstack/barbican-ui,barbican,小,38,15,19,10,0.23684210526315788,2020-01-14 12:04:01,2023-05-05 06:10:02,39.61892247043364,0.9591376451077944
openstack/bifrost,ironic,大,2312,966,90,77,0.7387543252595156,2015-08-21 07:23:32,2025-12-16 15:59:45,123.85019710906701,18.66771352785146
openstack/blazar,blazar,小,396,199,48,42,0.48484848484848486,2018-07-11 02:13:08,2025-10-31 08:45:36,87.68068331143232,4.516388160359686
openstack/blazar-dashboard,blazar,小,99,43,19,14,0.6666666666666666,2019-10-24 03:26:30,2025-06-12 15:20:36,67.6084099868594,1.4643148688046645
openstack/blazar-nova,blazar,小,62,41,16,11,0.6612903225806451,2018-07-11 02:08:15,2025-09-22 10:22:29,86.39947437582128,0.717596958174905
openstack/blazar-specs,blazar,小,57,17,20,10,0.3684210526315789,2019-06-05 18:16:31,2021-10-21 14:19:13,28.515111695137975,1.9989400921658986
openstack/blazar-tempest-plugin,blazar,小,101,52,14,16,0.6831683168316832,2019-10-28 02:18:12,2025-11-06 22:15:30,72.30617608409986,1.396837800999546
openstack/ceilometer,Telemetry,小,1495,611,134,117,0.5645484949832776,2014-01-17 16:56:36,2025-12-11 19:11:52,142.77266754270696,10.471191900598251
openstack/ceilometermiddleware,Telemetry,小,135,65,22,20,0.5259259259259259,2018-03-21 13:07:34,2025-11-20 17:22:31,92.01708278580814,1.467118886112103
openstack/cinder,cinder,大,39996,4204,617,462,0.625037503750375,2013-03-04 16:09:57,2025-12-17 09:13:18,153.41655716162944,260.7019785867238
openstack/cinder-specs,cinder,大,429,110,74,44,0.3776223776223776,2018-03-26 13:55:00,2025-10-14 09:32:44,90.60446780551905,4.734865844815084
openstack/cinder-tempest-plugin,cinder,大,771,206,62,43,0.3735408560311284,2018-01-24 21:18:38,2025-10-09 13:30:27,92.44415243101183,8.340170575692964
openstack/cinderlib,cinder,大,386,139,42,27,0.5440414507772021,2019-10-18 07:51:18,2024-12-08 15:14:13,61.695137976346906,6.2565708200213
openstack/cloudkitty,cloudkitty,小,896,308,70,52,0.4341517857142857,2017-02-23 10:56:08,2025-12-05 08:39:23,105.32194480946123,8.507248908296944
openstack/cloudkitty-dashboard,cloudkitty,小,166,55,30,24,0.5843373493975904,2019-12-26 02:14:23,2025-11-25 09:49:38,70.99211563731932,2.3382878297084684
openstack/cloudkitty-specs,cloudkitty,小,49,16,18,12,0.46938775510204084,2019-08-22 06:54:18,2025-05-28 14:32:49,69.18528252299606,0.7082431149097815
openstack/cloudkitty-tempest-plugin,cloudkitty,小,89,38,14,14,0.5617977528089888,2019-09-27 12:36:12,2025-11-04 21:00:50,73.25886990801577,1.2148699551569506
openstack/cyborg,cyborg,小,1478,435,65,59,0.46820027063599456,2018-07-30 10:26:33,2025-10-28 11:14:05,86.95795006570302,16.996720816018136
openstack/cyborg-specs,cyborg,小,296,79,40,22,0.40540540540540543,2018-09-25 21:23:23,2023-08-16 12:31:37,58.63994743758212,5.04775350140056
openstack/cyborg-tempest-plugin,cyborg,小,287,116,31,29,0.5087108013937283,2019-07-05 09:24:53,2024-11-06 20:01:02,64.09329829172141,4.477847257816505
openstack/designate,designate,中,2154,978,119,120,0.6838440111420613,2016-02-16 15:14:02,2025-12-24 21:09:54,118.23258869908015,18.21832731314254
openstack/designate-dashboard,designate,中,273,95,35,28,0.48717948717948717,2018-07-08 11:53:42,2025-09-08 20:24:23,86.03810775295663,3.1730126002290953
openstack/designate-specs,designate,中,53,20,24,13,0.33962264150943394,2014-11-03 15:36:08,2023-01-20 22:30:53,98.55453350854138,0.5377733333333334
openstack/designate-tempest-plugin,designate,中,862,208,42,37,0.28074245939675174,2016-06-21 06:01:49,2025-12-11 20:23:09,113.66622864651774,7.583606936416185
openstack/freezer,freezer,極小,232,98,40,33,0.4353448275862069,2018-10-09 07:52:48,2025-12-13 20:58:11,86.13666228646517,2.693394355453852
openstack/freezer-api,freezer,極小,145,53,34,22,0.2620689655172414,2018-10-31 06:29:17,2025-11-29 13:11:02,84.95400788436268,1.7068058778035575
openstack/freezer-specs,freezer,極小,87,23,25,13,0.19540229885057472,2018-11-12 11:42:47,2025-12-13 21:02:52,85.0197109067017,1.023292117465224
openstack/freezer-tempest-plugin,freezer,極小,74,39,23,16,0.32432432432432434,2019-08-23 02:49:49,2025-09-13 22:15:22,72.70039421813404,1.0178761861726164
openstack/freezer-web-ui,freezer,極小,119,43,36,15,0.37815126050420167,2019-01-07 02:09:30,2025-09-15 12:03:00,80.2562417871222,1.4827507163323783
openstack/glance,glance,大,3559,1322,230,185,0.5386344478786176,2016-01-21 18:58:51,2025-12-07 10:08:14,118.49540078843626,30.034920986969784
openstack/glance-specs,glance,大,458,126,58,40,0.40829694323144106,2017-12-14 17:46:09,2025-12-11 20:46:04,95.89356110381077,4.776128811236725
openstack/glance-tempest-plugin,glance,大,171,58,22,14,0.40350877192982454,2021-01-07 09:42:37,2025-11-06 22:15:32,57.95006570302234,2.9508163265306124
openstack/glance_store,glance,大,791,308,91,76,0.49304677623261695,2015-02-08 12:34:07,2025-12-03 15:26:37,129.79632063074902,6.094163502910655
openstack/grian-ui,Telemetry,小,9,9,3,3,1.0,2025-05-01 18:13:40,2025-09-13 10:22:05,4.402102496714849,2.0444776119402985
openstack/heat,heat,大,2323,973,219,162,0.4799827808867843,2014-02-07 14:57:42,2025-11-22 15:32:58,141.4586070959264,16.421764979098935
openstack/heat-agents,heat,大,81,37,24,14,0.345679012345679,2019-02-03 04:33:08,2024-01-16 16:25:17,59.39553219448094,1.3637389380530973
openstack/heat-cfntools,heat,大,60,23,22,11,0.25,2019-01-11 09:19:29,2024-01-16 16:26:45,60.15111695137976,0.9974877116329874
openstack/heat-dashboard,heat,大,245,100,48,37,0.46530612244897956,2018-07-06 07:53:49,2025-08-26 19:09:19,85.67674113009198,2.8595858895705524
openstack/heat-specs,heat,大,114,24,53,19,0.42105263157894735,2014-09-29 02:31:40,2022-07-28 02:45:09,93.92247043363994,1.2137670514165793
openstack/heat-tempest-plugin,heat,大,122,73,29,27,0.5081967213114754,2018-02-21 16:22:44,2025-11-06 22:16:02,92.47700394218134,1.319246891651865
openstack/heat-templates,heat,大,52,23,24,19,0.3076923076923077,2014-04-28 20:01:23,2025-07-31 13:13:48,135.05256241787123,0.3850352712235466
openstack/heat-translator,tacker,小,188,59,30,26,0.4308510638297872,2018-09-29 08:15:45,2025-09-13 07:04:21,83.44283837056504,2.2530393700787403
openstack/horizon,horizon,大,4794,1487,242,192,0.5300375469336671,2013-02-13 00:03:44,2025-12-08 22:09:40,153.77792378449408,31.174825891903442
openstack/ironic,ironic,大,13205,4238,305,243,0.7468383188186293,2015-03-05 18:43:59,2025-12-26 09:26:26,129.69776609724047,101.81362715298886
openstack/ironic-inspector,ironic,大,1167,447,78,71,0.7866323907455013,2016-07-01 10:31:42,2025-10-08 20:59:15,111.23521681997372,10.491281748375664
openstack/ironic-lib,ironic,大,445,184,45,38,0.8247191011235955,2016-10-15 04:54:43,2025-01-14 21:11:22,98.98160315374507,4.4957849319615
openstack/ironic-prometheus-exporter,ironic,大,232,104,27,26,0.8146551724137931,2019-10-01 07:54:37,2025-12-11 14:16:41,74.34296977660972,3.120671674768007
openstack/ironic-python-agent,ironic,大,2791,1083,120,81,0.7871730562522393,2014-10-15 16:37:22,2025-11-26 14:52:43,133.3442838370565,20.930780980537076
openstack/ironic-python-agent-builder,ironic,大,758,322,56,52,0.8258575197889182,2019-10-14 13:11:04,2025-12-17 20:27:53,74.11300919842313,10.227624113475176
openstack/ironic-specs,ironic,大,843,152,158,56,0.4068801897983393,2015-05-27 16:07:48,2025-11-06 17:49:23,125.36136662286465,6.724559748427673
openstack/ironic-tempest-plugin,ironic,大,513,197,40,36,0.6237816764132553,2019-02-24 09:16:37,2025-12-16 17:58:48,81.70170827858081,6.278938480096502
openstack/ironic-ui,ironic,大,158,66,30,22,0.7531645569620253,2019-12-26 17:08:03,2025-09-22 11:40:54,68.85676741130092,2.294618320610687
openstack/keystone,keystone,大,3158,967,214,189,0.42716909436352124,2014-03-26 16:20:43,2025-12-10 16:36:30,140.5059132720105,22.475922375496847
openstack/keystone-specs,keystone,大,312,44,104,24,0.1891025641025641,2015-05-30 02:44:15,2025-12-11 08:46:16,126.41261498028909,2.468108108108108
openstack/keystone-tempest-plugin,keystone,大,222,63,40,21,0.36036036036036034,2019-10-02 21:37:12,2025-11-04 21:01:04,73.06176084099869,3.0385251798561153
openstack/keystonemiddleware,keystone,大,507,159,64,47,0.33530571992110453,2017-07-09 08:21:38,2025-11-17 08:18:15,100.2628120893561,5.056710353866317
openstack/kuryr,zun,極小,159,47,28,21,0.7358490566037735,2018-04-20 23:51:53,2025-09-16 02:29:32,88.86333771353482,1.7892643253234752
openstack/kuryr-libnetwork,zun,極小,159,56,22,21,0.5974842767295597,2019-05-27 05:46:11,2025-06-27 00:38:20,72.99605781865965,2.1781998199819985
openstack/ldappool,keystone,大,105,33,22,16,0.2857142857142857,2018-11-10 06:36:28,2025-05-28 02:55:14,78.51511169513797,1.3373221757322176
openstack/liberasurecode,swift,大,41,33,10,11,0.8048780487804879,2017-07-06 03:55:24,2025-11-27 18:38:25,100.7227332457293,0.407058056099152
openstack/magnum,magnum,小,2264,887,157,140,0.5198763250883393,2016-10-05 08:59:52,2025-10-27 09:45:09,108.70565045992115,20.826884255061955
openstack/magnum-capi-helm,magnum,小,139,58,18,17,0.6402877697841727,2024-03-14 06:25:20,2025-12-08 10:18:13,20.827858081471746,6.673753943217666
openstack/magnum-capi-helm-charts,magnum,小,3,2,3,1,0.6666666666666666,2024-07-30 06:04:38,2024-08-13 09:38:00,1.0,3.0
openstack/magnum-specs,magnum,小,94,26,32,17,0.5319148936170213,2017-01-25 21:29:12,2025-08-13 02:22:55,102.52956636005256,0.916808715155399
openstack/magnum-tempest-plugin,magnum,小,166,71,30,23,0.39759036144578314,2018-02-02 03:08:37,2025-11-06 22:14:40,93.1011826544021,1.7830063514467185
openstack/magnum-ui,magnum,小,241,92,31,29,0.4190871369294606,2019-12-03 11:40:35,2025-09-15 13:41:52,69.41524310118265,3.471859914813062
openstack/manila,manila,中,6582,2073,223,205,0.5,2016-03-07 16:44:02,2025-12-30 17:30:05,117.77266754270696,55.88733054393306
openstack/manila-image-elements,manila,中,73,34,14,10,0.726027397260274,2020-04-01 11:33:22,2025-09-16 13:01:37,65.50591327201052,1.1144032096288865
openstack/manila-specs,manila,中,283,62,61,29,0.3215547703180212,2016-06-16 03:16:33,2025-12-11 08:34:44,113.83048620236531,2.486152958152958
openstack/manila-tempest-plugin,manila,中,1268,405,78,54,0.4842271293375394,2017-12-27 20:20:21,2025-11-13 22:34:04,94.54664914586071,13.411369006254343
openstack/manila-test-image,manila,中,4,4,2,3,0.5,2020-08-17 16:56:39,2024-01-26 07:20:07,41.26149802890933,0.09694267515923567
openstack/manila-ui,manila,中,502,180,53,44,0.5836653386454184,2016-07-06 19:16:52,2025-09-17 15:40:29,110.34822601839684,4.549234891336708
openstack/masakari,masakari,小,912,329,79,85,0.4276315789473684,2016-12-18 13:15:34,2025-12-23 20:50:03,108.14717477003941,8.432952612393683
openstack/masakari-dashboard,masakari,小,166,61,40,26,0.3433734939759036,2018-06-08 08:44:21,2025-07-04 16:21:54,84.85545335085413,1.9562679055361984
openstack/masakari-monitors,masakari,小,310,136,53,53,0.3225806451612903,2017-07-24 04:43:22,2025-06-20 13:56:29,94.87516425755584,3.2674515235457067
openstack/masakari-specs,masakari,小,133,37,27,15,0.19548872180451127,2018-11-02 06:24:13,2025-03-19 02:52:37,76.47831800262811,1.7390549828178696
openstack/mistral,mistral,小,936,350,64,62,0.5438034188034188,2017-09-19 14:29:16,2025-11-06 14:27:18,97.53613666228647,9.596443246884473
openstack/mistral-dashboard,mistral,小,147,66,33,19,0.5986394557823129,2017-04-27 11:41:02,2025-09-11 22:03:06,100.49277266754271,1.4627917620137298
openstack/mistral-extra,mistral,小,150,57,27,20,0.4666666666666667,2017-10-23 15:39:17,2025-09-23 19:59:08,95.0065703022339,1.578838174273859
openstack/mistral-lib,mistral,小,132,56,24,19,0.5606060606060606,2019-11-05 10:43:22,2025-09-15 19:01:04,70.33508541392904,1.8767304997664644
openstack/mistral-specs,mistral,小,37,12,20,8,0.43243243243243246,2017-10-23 13:31:32,2025-09-15 19:08:24,94.7437582128778,0.3905270457697642
openstack/mistral-tempest-plugin,mistral,小,113,59,20,20,0.6106194690265486,2018-08-10 09:34:45,2025-10-03 14:55:27,85.77529566360052,1.31739563385676
openstack/molteniron,ironic,大,20,10,9,6,0.8,2020-02-04 21:31:14,2022-08-25 06:17:17,30.617608409986858,0.6532188841201717
openstack/networking-bagpipe,neutron,大,480,160,48,30,0.5833333333333334,2017-07-04 15:19:32,2025-11-25 09:40:15,100.68988173455979,4.767112561174551
openstack/networking-baremetal,ironic,大,263,107,31,27,0.6577946768060836,2019-02-08 14:05:57,2025-11-17 13:40:33,81.24178712220761,3.2372503032753746
openstack/networking-bgpvpn,neutron,大,507,161,48,42,0.5562130177514792,2018-02-07 11:10:06,2025-09-18 12:19:40,91.32720105124835,5.5514676258992806
openstack/networking-generic-switch,ironic,大,602,240,49,61,0.6495016611295681,2016-06-23 13:50:39,2025-12-18 14:04:24,113.83048620236531,5.288565656565656
openstack/networking-odl,neutron,大,394,120,46,28,0.4416243654822335,2018-02-26 14:24:36,2023-06-27 15:54:13,63.96189224704336,6.159917822290704
openstack/networking-sfc,neutron,大,369,123,50,33,0.5799457994579946,2018-08-24 12:04:50,2025-08-31 07:24:11,84.19842312746385,4.382504877097152
openstack/neutron,neutron,大,30702,8435,532,396,0.724578203374373,2012-06-20 07:20:24,2025-12-19 10:25:43,161.95795006570302,189.56772413793104
openstack/neutron-dynamic-routing,neutron,大,507,164,58,41,0.6074950690335306,2017-10-19 07:05:07,2025-09-12 13:28:47,94.7766097240473,5.349421143847487
openstack/neutron-fwaas,neutron,大,525,179,71,47,0.5619047619047619,2017-10-19 14:01:06,2025-11-04 13:55:03,96.48488830486203,5.441266598569969
openstack/neutron-fwaas-dashboard,neutron,大,140,52,24,21,0.5642857142857143,2019-10-25 06:47:06,2025-09-17 18:12:47,70.76215505913272,1.9784586815227483
openstack/neutron-lib,neutron,大,1725,542,95,105,0.7060869565217391,2019-02-12 13:30:13,2025-12-17 12:15:16,82.09592641261497,21.01200480192077
openstack/neutron-specs,neutron,大,598,117,114,52,0.40468227424749165,2014-07-09 06:49:14,2025-08-29 07:15:50,133.67279894875165,4.473610223642172
openstack/neutron-tempest-plugin,neutron,大,2839,758,122,97,0.6093694963015146,2017-11-16 01:23:39,2025-11-20 08:23:31,96.12352168199737,29.534914559125085
openstack/neutron-vpnaas,neutron,大,580,204,68,52,0.49310344827586206,2017-03-10 09:53:42,2025-11-19 08:20:56,104.3035479632063,5.560692913385827
openstack/neutron-vpnaas-dashboard,neutron,大,132,56,23,21,0.5757575757575758,2019-10-25 14:37:00,2025-09-17 18:35:22,70.76215505913272,1.8654038997214484
openstack/nova,nova,大,26222,6517,671,500,0.5438563038669819,2012-08-02 19:01:08,2025-12-18 16:42:51,160.4796320630749,163.39768270214944
openstack/nova-contrib,nova,大,12,11,2,2,0.9166666666666666,2025-06-03 17:19:43,2025-08-05 04:43:03,2.0367936925098555,5.891612903225806
openstack/nova-specs,nova,大,1604,382,226,104,0.428927680798005,2014-04-22 06:57:39,2025-12-04 16:47:55,139.42181340341656,11.504655984919886
openstack/octavia,octavia,大,5659,1999,218,163,0.5499204806502915,2016-09-02 04:05:57,2025-12-17 15:54:51,111.46517739816031,50.76921898025347
openstack/octavia-dashboard,octavia,大,337,130,41,27,0.5519287833827893,2018-02-08 09:43:12,2025-12-02 18:48:54,93.75821287779237,3.5943517869656625
openstack/octavia-lib,octavia,大,209,81,28,22,0.569377990430622,2019-01-04 17:08:51,2025-12-11 20:43:17,83.21287779237845,2.5116304776944336
openstack/octavia-tempest-plugin,octavia,大,899,277,66,41,0.43381535038932145,2018-10-02 22:37:29,2025-11-13 08:18:47,85.34822601839684,10.53331793687452
openstack/os-apply-config,heat,大,75,28,20,13,0.8266666666666667,2018-10-12 14:15:08,2024-01-16 16:37:36,63.14060446780552,1.1878251821019772
openstack/os-brick,cinder,大,2757,578,159,95,0.5963003264417845,2015-05-27 21:11:20,2025-12-17 09:52:52,126.6754270696452,21.764284232365146
openstack/os-collect-config,heat,大,59,23,18,8,0.7288135593220338,2018-11-13 11:19:33,2024-01-16 16:40:34,62.089356110381075,0.9502433862433862
openstack/os-ken,neutron,大,413,167,38,32,0.7602905569007264,2019-01-10 08:34:11,2025-11-19 12:51:25,82.29303547963205,5.018650698602795
openstack/os-refresh-config,heat,大,59,21,23,15,0.6440677966101694,2017-07-04 04:13:14,2024-01-16 16:43:15,78.41655716162943,0.7523921240050273
openstack/os-resource-classes,nova,大,100,32,23,11,0.29,2020-01-28 11:12:24,2025-10-02 14:04:49,68.13403416557162,1.467695274831244
openstack/os-test-images,glance,大,6,4,5,2,1.0,2024-07-29 16:49:39,2024-09-04 15:43:32,1.1826544021024967,5.073333333333333
openstack/os-traits,nova,大,197,61,32,27,0.34517766497461927,2019-06-03 17:38:03,2025-10-02 14:04:25,75.9526938239159,2.593719723183391
openstack/os-vif,nova,大,422,141,43,38,0.518957345971564,2019-06-18 12:29:21,2025-09-05 14:06:04,74.60578186596584,5.65639806252752
openstack/osc-placement,nova,大,219,79,28,19,0.3789954337899543,2018-02-16 08:01:51,2025-10-14 12:23:13,91.88567674113008,2.383396496245978
openstack/ovn-bgp-agent,neutron,大,802,454,33,25,0.7693266832917706,2021-08-27 15:43:14,2025-10-16 15:16:11,49.60578186596583,16.1674701986755
openstack/ovn-octavia-provider,neutron,大,1779,643,63,38,0.761663856098932,2020-01-10 12:23:47,2025-12-22 15:59:41,71.38633377135348,24.920736309249886
openstack/ovsdbapp,neutron,大,843,310,56,41,0.641755634638197,2019-01-29 08:19:24,2025-12-22 16:03:16,82.75295663600525,10.186947201270346
openstack/performance-docs,rally,極小,7,4,4,4,0.5714285714285714,2020-06-01 13:39:23,2022-08-25 03:17:37,26.741130091984232,0.26176904176904175
openstack/placement,nova,大,840,282,72,47,0.45,2018-10-31 15:45:24,2025-11-18 19:00:44,84.59264126149803,9.929941747572816
openstack/pycadf,keystone,大,97,45,23,21,0.4536082474226804,2019-04-09 09:44:00,2025-12-09 13:18:36,80.02628120893561,1.2121018062397373
openstack/pyeclib,swift,大,53,43,14,11,0.5660377358490566,2016-11-10 08:06:18,2025-08-22 05:25:19,105.32194480946123,0.5032189644416719
openstack/python-adjutantclient,adjutant,極小,29,23,11,18,0.4827586206896552,2017-08-23 10:06:33,2025-09-25 04:06:19,97.04336399474376,0.29883547731888965
openstack/python-aodhclient,Telemetry,小,196,89,36,31,0.5816326530612245,2016-05-30 09:24:54,2025-12-02 06:55:29,114.0604467805519,1.7183870967741937
openstack/python-barbicanclient,barbican,小,298,84,49,33,0.2986577181208054,2018-03-13 10:43:01,2025-09-07 06:06:32,89.81603153745071,3.3178931967812733
openstack/python-blazarclient,blazar,小,101,50,18,28,0.48514851485148514,2018-07-10 07:04:55,2025-06-26 01:23:59,83.50854139290406,1.2094571203776556
openstack/python-brick-cinderclient-ext,cinder,大,132,53,26,13,0.6439393939393939,2019-12-21 09:30:18,2025-04-28 20:39:48,64.22470433639947,2.055283887468031
openstack/python-cinderclient,cinder,大,585,211,54,60,0.4222222222222222,2013-12-04 14:26:30,2025-07-11 08:58:37,139.15900131406045,4.203824362606232
openstack/python-cloudkittyclient,cloudkitty,小,193,61,31,25,0.40414507772020725,2019-09-12 07:42:31,2025-12-02 11:31:33,74.67148488830486,2.5846546414430267
openstack/python-cyborgclient,cyborg,小,307,117,38,38,0.42996742671009774,2018-11-07 11:49:23,2024-01-04 07:55:36,61.859395532194476,4.962867764206054
openstack/python-designateclient,designate,中,271,104,42,37,0.4907749077490775,2016-09-29 09:40:24,2025-10-28 09:48:57,108.93561103810775,2.487708082026538
openstack/python-freezerclient,freezer,極小,94,32,24,19,0.22340425531914893,2018-11-06 13:59:48,2025-04-30 07:57:15,77.72667542706964,1.209366018596788
openstack/python-glanceclient,glance,大,380,154,56,52,0.45,2014-12-17 13:16:46,2025-12-03 16:11:47,131.53745072273324,2.888911088911089
openstack/python-heatclient,heat,大,193,78,48,35,0.35233160621761656,2015-07-21 13:04:05,2025-03-14 10:43:45,115.73587385019711,1.6675901220550666
openstack/python-ironicclient,ironic,大,626,220,62,59,0.6198083067092651,2015-11-24 12:57:40,2025-11-18 14:51:40,119.80946123521682,5.224962983273924
openstack/python-keystoneclient,keystone,大,337,98,71,37,0.3620178041543027,2013-11-20 22:15:39,2025-06-30 16:24:08,139.257555847569,2.4199764095305496
openstack/python-magnumclient,magnum,小,271,101,40,48,0.35793357933579334,2017-03-05 14:10:14,2025-08-08 02:49:01,101.08409986859395,2.680935976600585
openstack/python-manilaclient,manila,中,1233,407,91,86,0.48905109489051096,2014-12-01 11:07:31,2025-12-05 17:43:16,132.1287779237845,9.33180507210343
openstack/python-masakariclient,masakari,小,109,62,28,30,0.4036697247706422,2017-01-17 09:35:58,2024-01-04 04:22:54,83.50854139290406,1.305255704169945
openstack/python-mistralclient,mistral,小,156,68,22,25,0.5064102564102564,2017-03-22 09:29:42,2025-09-04 20:48:24,101.4454664914586,1.5377720207253887
openstack/python-neutronclient,neutron,大,369,111,49,51,0.5907859078590786,2017-03-23 15:15:59,2025-12-18 17:09:58,104.86202365308804,3.51890977443609
openstack/python-novaclient,nova,大,393,141,35,37,0.6972010178117048,2012-08-02 19:21:42,2025-10-12 17:55:20,158.27858081471746,2.482963885429639
openstack/python-observabilityclient,Telemetry,小,180,60,15,10,0.6277777777777778,2023-09-22 10:13:02,2025-11-21 15:30:27,25.985545335085412,6.92692793931732
openstack/python-octaviaclient,octavia,大,309,125,28,26,0.56957928802589,2018-01-04 22:45:56,2025-08-19 09:35:06,91.4257555847569,3.379791591807402
openstack/python-swiftclient,swift,大,167,112,35,37,0.6586826347305389,2015-11-03 01:37:09,2025-10-06 12:32:20,119.08672798948751,1.4023393103448276
openstack/python-tackerclient,tacker,小,441,109,50,42,0.46938775510204084,2017-07-20 06:49:59,2025-07-25 09:56:53,96.15637319316689,4.58627946703109
openstack/python-troveclient,trove,小,89,63,19,21,0.5730337078651685,2020-03-31 11:33:50,2025-06-23 13:39:35,62.74638633377135,1.4184083769633509
openstack/python-venusclient,venus,小,100,69,11,15,0.79,2020-11-13 00:38:54,2023-09-14 10:50:30,34.00131406044678,2.9410628019323672
openstack/python-vitrageclient,vitrage,極小,52,35,18,19,0.6923076923076923,2019-10-08 00:57:47,2024-11-17 09:00:46,61.333771353482256,0.8478200321371184
openstack/python-watcherclient,watcher,小,128,50,35,29,0.390625,2016-12-31 09:48:53,2025-08-08 14:49:22,103.21944809461235,1.2400763844684914
openstack/python-zaqarclient,zaqar,小,144,70,33,29,0.2638888888888889,2014-08-08 21:54:01,2025-06-09 11:27:11,129.9934296977661,1.1077482941622443
openstack/python-zunclient,zun,極小,54,44,11,20,0.6851851851851852,2019-11-01 03:39:21,2024-07-03 14:54:31,56.04467805519054,0.9635169988276671
openstack/rally,rally,極小,127,66,49,37,0.3700787401574803,2016-01-01 12:54:41,2025-12-24 16:53:48,119.7437582128778,1.0605980795610426
openstack/rally-openstack,rally,極小,175,91,52,53,0.44,2018-03-27 11:34:18,2025-09-08 13:38:00,89.42181340341655,1.9570168993387216
openstack/rbd-iscsi-client,cinder,大,34,12,13,3,0.5294117647058824,2021-02-09 23:57:07,2024-04-26 08:58:05,38.469119579500656,0.8838257899231426
openstack/skyline-apiserver,skyline,小,678,261,42,42,0.6917404129793511,2021-05-10 10:47:52,2025-12-18 20:25:41,55.28909329829172,12.262816399286988
openstack/skyline-console,skyline,小,4106,1021,59,43,0.8531417437895762,2021-05-10 10:48:51,2025-12-31 13:58:57,55.7161629434954,73.69495283018868
openstack/storlets,storlets,小,148,85,26,24,0.49324324324324326,2015-09-06 19:28:00,2024-10-22 03:06:47,109.49408672798948,1.3516711671167116
openstack/sushy,ironic,大,1254,439,63,60,0.7703349282296651,2017-03-23 00:49:17,2025-12-17 16:34:32,104.82917214191852,11.96231902225008
openstack/sushy-tools,ironic,大,417,174,33,41,0.7721822541966427,2019-11-10 22:33:07,2025-10-27 23:55:56,71.55059132720105,5.828044077134987
openstack/swift,swift,大,4087,2324,165,144,0.692684120381698,2013-03-26 01:12:45,2025-12-18 04:22:00,152.75952693823916,26.7544688172043
openstack/swift-bench,swift,大,29,19,11,13,0.3793103448275862,2016-03-07 16:28:00,2025-02-28 16:30:08,107.75295663600525,0.26913414634146343
openstack/tacker,tacker,小,4250,993,122,107,0.3955294117647059,2016-04-27 06:57:56,2025-09-04 12:04:01,112.25361366622865,37.86069651741293
openstack/tacker-horizon,tacker,小,183,50,30,17,0.45901639344262296,2015-11-10 11:10:57,2025-08-25 21:47:33,117.47700394218134,1.557751677852349
openstack/tacker-specs,tacker,小,647,142,57,34,0.312210200927357,2018-02-02 15:29:54,2025-10-31 07:31:17,92.8712220762155,6.966636009904493
openstack/tap-as-a-service,neutron,大,393,147,57,34,0.46055979643765904,2015-11-20 12:15:54,2025-12-05 19:02:25,120.4993429697766,3.2614285714285716
openstack/telemetry-specs,Telemetry,小,17,7,8,6,0.4117647058823529,2019-12-13 18:56:23,2022-07-27 09:40:24,31.40604467805519,0.5412970711297072
openstack/telemetry-tempest-plugin,Telemetry,小,300,127,28,28,0.6133333333333333,2018-02-02 16:06:17,2025-11-17 13:50:02,93.42969776609723,3.210970464135021
openstack/tenks,ironic,大,249,99,28,21,0.642570281124498,2019-05-23 10:11:23,2025-11-24 14:13:47,78.08804204993429,3.188708456037022
openstack/tosca-parser,tacker,小,222,70,31,27,0.36036036036036034,2017-03-24 02:22:29,2025-08-21 11:59:14,100.91984231274638,2.199765625
openstack/trove,trove,小,709,428,83,68,0.5881523272214386,2017-09-11 06:48:10,2025-12-19 11:24:17,99.24441524310117,7.143978814961934
openstack/trove-dashboard,trove,小,185,93,26,31,0.5081081081081081,2016-12-09 22:34:07,2025-07-04 16:15:43,102.75952693823915,1.8003196930946292
openstack/trove-specs,trove,小,26,11,12,9,0.2692307692307692,2018-12-04 09:46:21,2022-08-27 06:53:34,44.710906701708275,0.5815135929463631
openstack/trove-tempest-plugin,trove,小,34,23,16,16,0.47058823529411764,2018-02-07 11:23:43,2025-03-07 07:01:38,84.88830486202365,0.40052631578947373
openstack/ui-cookiecutter,horizon,大,14,9,6,7,0.7142857142857143,2020-04-12 13:30:52,2022-04-29 17:09:44,24.540078843626805,0.5704953145917002
openstack/venus,venus,小,653,404,27,37,0.8039816232771823,2020-11-10 02:32:30,2025-02-12 02:17:28,51.05124835742444,12.791068211068211
openstack/venus-dashboard,venus,小,103,60,10,10,0.7961165048543689,2021-05-31 11:14:38,2024-05-16 08:13:09,35.4796320630749,2.903074074074074
openstack/venus-specs,venus,小,55,29,7,6,0.6181818181818182,2020-11-13 00:39:59,2023-08-23 08:06:21,33.27858081471748,1.6527147087857847
openstack/venus-tempest-plugin,venus,小,67,30,7,10,0.43283582089552236,2020-11-13 00:41:05,2024-10-24 19:20:27,47.33902759526938,1.4153226925746012
openstack/virtualbmc,ironic,大,141,70,20,26,0.8936170212765957,2019-03-04 22:32:37,2024-10-24 11:54:15,67.67411300919842,2.083514563106796
openstack/virtualpdu,ironic,大,52,27,14,9,0.6538461538461539,2017-02-23 00:23:17,2025-06-26 15:30:17,100.03285151116951,0.5198292282430214
openstack/vitrage,vitrage,極小,191,146,25,29,0.837696335078534,2016-07-25 20:52:17,2025-10-01 12:36:34,110.18396846254927,1.733464519976148
openstack/vitrage-dashboard,vitrage,極小,55,36,15,18,0.8181818181818182,2018-11-20 18:16:56,2024-11-16 15:50:02,71.84625492772668,0.7655235482395976
openstack/vitrage-specs,vitrage,極小,9,7,2,6,1.0,2020-04-09 09:35:48,2021-09-18 03:52:45,17.279894875164256,0.5208365019011407
openstack/vitrage-tempest-plugin,vitrage,極小,52,38,15,20,0.7307692307692307,2019-02-24 14:45:55,2025-08-14 09:52:34,77.59526938239159,0.6701439458086367
openstack/watcher,watcher,小,1266,422,87,66,0.6255924170616114,2016-12-01 01:36:11,2025-12-15 09:33:05,108.44283837056504,11.674353226295063
openstack/watcher-dashboard,watcher,小,170,66,28,26,0.5,2017-03-22 13:28:19,2025-10-24 13:13:54,103.05519053876478,1.6496015301243228
openstack/watcher-specs,watcher,小,157,40,49,20,0.3630573248407643,2016-06-15 10:47:17,2025-11-21 14:18:16,113.20630749014454,1.3868485200232155
openstack/watcher-tempest-plugin,watcher,小,430,138,32,29,0.6930232558139535,2019-01-26 04:08:21,2025-12-15 13:55:38,82.62155059132719,5.204453280318092
openstack/xstatic-angular,horizon,大,10,3,5,2,0.7,2021-05-07 18:48:52,2022-05-25 19:35:35,12.582128777923783,0.7947780678851176
openstack/xstatic-angular-bootstrap,horizon,大,2,1,2,1,0.5,2020-01-21 09:12:11,2020-01-21 09:12:11,1.0,2.0
openstack/xstatic-angular-fileupload,horizon,大,4,2,4,2,0.75,2020-01-21 14:39:21,2023-07-26 05:10:52,42.08278580814717,0.09505074160811866
openstack/xstatic-angular-gettext,horizon,大,2,1,2,1,0.5,2020-01-21 12:51:29,2020-01-21 12:51:29,1.0,2.0
openstack/xstatic-angular-lrdragndrop,horizon,大,3,2,3,2,0.3333333333333333,2019-06-18 09:05:42,2023-07-13 18:30:39,48.8173455978975,0.061453566621803506
openstack/xstatic-bootstrap-datepicker,horizon,大,2,1,2,1,1.0,2020-04-02 21:20:18,2020-04-02 21:20:18,1.0,2.0
openstack/xstatic-bootstrap-scss,horizon,大,3,2,2,2,0.6666666666666666,2020-03-02 20:27:00,2021-04-27 06:41:58,13.797634691195794,0.21742857142857144
openstack/xstatic-dagre,vitrage,極小,3,2,3,2,1.0,2020-04-06 12:35:53,2020-07-24 10:23:01,3.54796320630749,0.8455555555555556
openstack/xstatic-dagre-d3,vitrage,極小,6,5,3,3,1.0,2020-04-06 12:37:15,2020-07-27 15:15:44,3.679369250985545,1.6307142857142858
openstack/xstatic-graphlib,vitrage,極小,4,2,3,1,0.75,2020-04-01 13:00:20,2020-04-20 21:27:21,1.0,4.0
openstack/xstatic-hogan,horizon,大,2,1,2,1,1.0,2020-04-02 21:19:57,2020-04-02 21:19:57,1.0,2.0
openstack/xstatic-jquery-migrate,horizon,大,10,3,6,3,0.7,2020-04-02 21:18:52,2023-03-29 15:48:06,35.808147174770035,0.2792660550458716
openstack/xstatic-jquery.quicksearch,horizon,大,2,1,2,1,1.0,2020-04-02 21:18:18,2020-04-02 21:18:18,1.0,2.0
openstack/xstatic-jquery.tablesorter,horizon,大,3,2,2,2,1.0,2020-04-02 21:17:30,2021-04-20 02:32:59,12.54927726675427,0.23905759162303666
openstack/xstatic-js-yaml,horizon,大,1,1,1,1,1.0,2021-04-20 02:34:35,2021-04-20 02:34:35,1.0,1.0
openstack/xstatic-jsencrypt,horizon,大,1,1,1,1,1.0,2021-04-20 02:36:39,2021-04-20 02:36:39,1.0,1.0
openstack/xstatic-json2yaml,horizon,大,1,1,1,1,1.0,2021-04-20 02:37:45,2021-04-20 02:37:45,1.0,1.0
openstack/xstatic-lodash,vitrage,極小,4,3,4,3,0.75,2020-04-06 12:38:19,2021-04-20 02:29:47,12.417871222076215,0.32211640211640213
openstack/xstatic-magic-search,horizon,大,1,1,1,1,1.0,2021-04-20 02:39:10,2021-04-20 02:39:10,1.0,1.0
openstack/xstatic-moment,vitrage,極小,4,3,4,3,0.75,2020-04-06 12:39:13,2021-04-20 02:31:19,12.417871222076215,0.32211640211640213
openstack/xstatic-moment-timezone,vitrage,極小,5,4,3,3,1.0,2020-04-06 12:40:17,2020-07-27 15:11:44,3.679369250985545,1.3589285714285715
openstack/xstatic-rickshaw,horizon,大,4,2,4,2,0.75,2020-04-02 21:17:04,2021-04-20 02:24:43,12.54927726675427,0.3187434554973822
openstack/xstatic-roboto-fontface,horizon,大,1,1,1,1,0.0,2021-04-20 02:26:05,2021-04-20 02:26:05,1.0,1.0
openstack/xstatic-spin,horizon,大,3,2,2,2,1.0,2020-04-02 21:16:50,2021-04-20 02:26:58,12.54927726675427,0.23905759162303666
openstack/yaql,heat,大,56,39,19,23,0.5178571428571429,2016-02-10 16:58:29,2025-09-16 18:24:21,115.17739816031536,0.48620650313747865
openstack/zaqar,zaqar,小,277,179,49,39,0.35379061371841153,2015-03-18 22:25:48,2025-10-22 11:42:26,127.1353482260184,2.178780361757106
openstack/zaqar-specs,zaqar,小,23,13,11,7,0.6521739130434783,2019-05-13 12:18:11,2022-07-28 01:40:23,38.469119579500656,0.5978821520068318
openstack/zaqar-tempest-plugin,zaqar,小,56,30,25,17,0.44642857142857145,2018-06-09 17:20:06,2025-11-06 22:15:45,88.92904073587384,0.6297155522718878
openstack/zaqar-ui,zaqar,小,53,33,12,13,0.5283018867924528,2020-01-02 21:06:57,2025-07-24 07:36:04,66.65571616294349,0.7951306062099557
openstack/zun,zun,極小,170,133,34,38,0.6529411764705882,2017-11-27 03:39:54,2025-06-27 01:02:33,90.93298291721419,1.8695086705202313
openstack/zun-tempest-plugin,zun,極小,29,26,5,12,0.7586206896551724,2019-10-30 03:20:14,2025-11-06 22:14:57,72.24047306176084,0.40143701682582994
openstack/zun-ui,zun,極小,50,36,9,16,0.78,2019-10-28 06:40:35,2024-01-04 04:23:53,50.19710906701708,0.9960732984293194
